Unnamed: 0,beds,baths,size,price,beds_baths_total,sqft_per_room,zip_code_freq
0,3,2.5,2590.0,795000.0,5.5,398.46153846153845,113
1,4,2.0,2240.0,915000.0,6.0,320.0,78
2,4,3.0,2040.0,950000.0,7.0,255.0,83
3,4,3.0,3800.0,1950000.0,7.0,475.0,72
4,2,2.0,1042.0,950000.0,4.0,208.4,60
5,2,2.0,1190.0,740000.0,4.0,238.0,83
6,1,1.0,670.0,460000.0,2.0,223.33333333333334,61
7,5,3.5,4510.0,3150000.0,8.5,474.7368421052632,73
8,3,2.5,1520.0,565000.0,5.5,233.84615384615384,33
9,4,2.0,2340.0,699000.0,6.0,334.2857142857143,44
10,3,2.0,1320.0,899000.0,5.0,220.0,166
11,3,2.0,1800.0,1050000.0,5.0,300.0,27
12,3,2.5,2490.0,935625.0,5.5,383.0769230769231,166
13,4,3.0,2650.0,1511000.0,7.0,331.25,170
14,5,1.5,2560.0,1330000.0,6.5,341.3333333333333,72
15,2,1.5,900.0,549755.0,3.5,200.0,61
16,3,3.5,1360.0,700000.0,6.5,181.33333333333334,166
17,1,1.0,550.0,330000.0,2.0,183.33333333333334,109
18,3,2.5,2974.0,1750000.0,5.5,457.53846153846155,70
19,4,3.5,1989.0,980000.0,7.5,234.0,151
20,2,2.0,1332.0,845000.0,4.0,266.4,72
21,4,3.0,2668.0,1213000.0,7.0,333.5,88
22,2,1.0,770.0,530000.0,3.0,192.5,61
23,3,1.5,1280.0,625000.0,4.5,232.72727272727272,41
24,5,3.5,3200.0,1275000.0,8.5,336.8421052631579,61
25,2,1.5,889.0,680000.0,3.5,197.55555555555554,166
26,1,1.0,508.0,325000.0,2.0,169.33333333333334,61
27,3,2.0,3140.0,1219700.0,5.0,523.3333333333334,151
28,4,2.0,2000.0,907200.0,6.0,285.7142857142857,78
29,1,1.0,792.0,517000.0,2.0,264.0,23
30,3,2.5,1690.0,760000.0,5.5,260.0,33
31,4,5.5,3000.0,1484000.0,9.5,285.7142857142857,80
32,3,3.0,1550.0,950000.0,6.0,221.42857142857142,170
33,2,2.0,871.0,430000.0,4.0,174.2,70
34,4,1.5,1940.0,520000.0,5.5,298.46153846153845,100
35,1,1.0,474.0,335000.0,2.0,158.0,23
36,3,2.0,1770.0,805000.0,5.0,295.0,41
37,5,5.0,2510.0,1000000.0,10.0,228.1818181818182,61
38,1,1.0,750.0,375000.0,2.0,250.0,72
39,1,1.0,573.0,390000.0,2.0,191.0,60
40,3,2.5,1500.0,1070000.0,5.5,230.76923076923077,166
41,5,4.0,2920.0,948000.0,9.0,292.0,61
42,3,2.0,2817.0,912000.0,5.0,469.5,166
43,1,1.0,617.0,480000.0,2.0,205.66666666666666,61
44,2,2.0,1280.0,776000.0,4.0,256.0,57
45,2,2.0,1523.0,1395000.0,4.0,304.6,59
46,2,1.0,1240.0,750000.0,3.0,310.0,80
47,4,2.5,2280.0,1065000.0,6.5,304.0,78
48,5,3.5,3590.0,2350000.0,8.5,377.89473684210526,60
49,4,3.5,2478.0,1580000.0,7.5,291.52941176470586,170
50,3,3.0,2360.0,1775000.0,6.0,337.14285714285717,151
51,2,1.0,720.0,600000.0,3.0,180.0,27
52,3,2.0,2480.0,800000.0,5.0,413.3333333333333,80
53,3,2.0,1550.0,1100000.0,5.0,258.3333333333333,72
54,2,1.0,780.0,750000.0,3.0,195.0,166
55,5,3.0,2820.0,865000.0,8.0,313.3333333333333,60
56,5,3.0,2900.0,1450000.0,8.0,322.22222222222223,57
57,2,2.0,1092.0,829000.0,4.0,218.4,109
58,3,2.0,1731.0,575000.0,5.0,288.5,78
59,3,2.5,1500.0,860000.0,5.5,230.76923076923077,73
60,2,2.5,1344.0,770000.0,4.5,244.36363636363637,109
61,4,5.5,4040.0,5495000.0,9.5,384.76190476190476,73
62,5,3.0,2320.0,560000.0,8.0,257.77777777777777,44
63,5,3.0,2820.0,900000.0,8.0,313.3333333333333,60
64,3,1.0,1070.0,575000.0,4.0,214.0,151
65,2,1.0,1113.0,595000.0,3.0,278.25,60
66,4,2.0,2100.0,950000.0,6.0,300.0,151
67,3,2.5,2620.0,1300000.0,5.5,403.0769230769231,70
68,3,2.0,1270.0,727000.0,5.0,211.66666666666666,166
69,3,2.0,2702.0,1605000.0,5.0,450.3333333333333,166
70,4,3.5,2031.0,1480000.0,7.5,238.94117647058823,151
71,3,2.0,2350.0,888000.0,5.0,391.6666666666667,44
72,4,1.5,2640.0,1850000.0,5.5,406.15384615384613,170
73,3,1.5,1340.0,615000.0,4.5,243.63636363636363,78
74,6,3.5,8660.0,4100000.0,9.5,824.7619047619048,60
75,2,2.5,1365.0,525000.0,4.5,248.1818181818182,100
76,1,1.0,635.0,509950.0,2.0,211.66666666666666,14
77,3,1.0,1800.0,549000.0,4.0,360.0,44
78,2,1.0,870.0,555000.0,3.0,217.5,100
79,3,3.5,1510.0,660000.0,6.5,201.33333333333334,166
80,3,1.0,1120.0,615000.0,4.0,224.0,78
81,4,2.5,2580.0,1635000.0,6.5,344.0,41
82,2,2.0,875.0,420000.0,4.0,175.0,170
83,3,4.0,2220.0,1650000.0,7.0,277.5,61
84,1,1.0,607.0,427000.0,2.0,202.33333333333334,70
85,3,2.0,1496.0,910000.0,5.0,249.33333333333334,113
86,4,3.5,2670.0,1022700.0,7.5,314.11764705882354,100
87,2,1.5,1810.0,925000.0,3.5,402.22222222222223,170
88,1,1.0,582.0,360000.0,2.0,194.0,61
89,2,2.0,1006.0,928000.0,4.0,201.2,59
90,3,5.5,1530.0,635000.0,8.5,161.05263157894737,166
91,2,1.0,820.0,490000.0,3.0,205.0,100
92,3,2.0,1960.0,950000.0,5.0,326.6666666666667,73
93,4,3.0,2110.0,760000.0,7.0,263.75,61
94,4,3.5,3010.0,985000.0,7.5,354.11764705882354,78
95,3,1.0,2200.0,1250000.0,4.0,440.0,73
96,3,2.5,1820.0,690000.0,5.5,280.0,100
97,4,4.0,3040.0,1585000.0,8.0,337.77777777777777,70
98,3,2.0,1800.0,936000.0,5.0,300.0,100
99,1,1.0,800.0,450000.0,2.0,266.6666666666667,109
100,3,3.0,1450.0,750000.0,6.0,207.14285714285714,151
101,1,1.0,756.0,550000.0,2.0,252.0,59
102,1,1.0,742.0,354000.0,2.0,247.33333333333334,80
103,4,2.0,2400.0,1385000.0,6.0,342.85714285714283,70
104,2,2.0,1607.0,1865000.0,4.0,321.4,23
105,4,3.5,3057.0,1800000.0,7.5,359.6470588235294,151
106,1,1.0,649.0,346600.0,2.0,216.33333333333334,73
107,4,4.0,3142.0,1600000.0,8.0,349.1111111111111,70
108,3,1.0,1050.0,399950.0,4.0,210.0,78
109,3,2.0,1720.0,855000.0,5.0,286.6666666666667,72
110,3,3.5,2650.0,1095000.0,6.5,353.3333333333333,60
111,2,1.5,2680.0,1125000.0,3.5,595.5555555555555,60
112,4,2.5,2550.0,1560000.0,6.5,340.0,170
113,9,4.0,3800.0,1343000.0,13.0,271.42857142857144,88
114,2,2.0,1320.0,525000.0,4.0,264.0,78
115,4,2.0,1910.0,630000.0,6.0,272.85714285714283,44
116,2,1.0,773.0,360000.0,3.0,193.25,61
117,1,1.0,589.0,375000.0,2.0,196.33333333333334,59
118,1,1.0,510.0,302500.0,2.0,170.0,60
119,4,3.5,2661.0,1165000.0,7.5,313.05882352941177,33
120,2,2.0,843.0,346250.0,4.0,168.6,166
121,4,3.0,2250.0,1150000.0,7.0,281.25,170
122,4,1.5,2080.0,950000.0,5.5,320.0,88
123,3,3.5,1370.0,699500.0,6.5,182.66666666666666,151
124,1,1.0,699.0,335000.0,2.0,233.0,170
125,2,3.0,1840.0,800000.0,5.0,306.6666666666667,78
126,4,3.5,3040.0,1495000.0,7.5,357.6470588235294,27
127,2,1.0,858.0,500000.0,3.0,214.5,113
128,5,8.5,3110.0,1606500.0,13.5,214.48275862068965,170
129,2,2.0,1147.0,749950.0,4.0,229.4,170
130,2,1.0,868.0,415000.0,3.0,217.0,113
131,2,2.5,1538.0,895000.0,4.5,279.6363636363636,73
132,2,1.0,1480.0,720000.0,3.0,370.0,80
133,2,2.0,932.0,435000.0,4.0,186.4,166
134,2,2.0,981.0,450000.0,4.0,196.2,61
135,2,2.0,866.0,555000.0,4.0,173.2,83
136,4,3.5,2000.0,870000.0,7.5,235.2941176470588,170
137,3,3.5,1470.0,845000.0,6.5,196.0,151
138,2,2.0,1840.0,1200000.0,4.0,368.0,109
139,4,2.0,2230.0,925000.0,6.0,318.57142857142856,78
140,2,1.5,1290.0,795000.0,3.5,286.6666666666667,170
141,3,2.5,1670.0,600000.0,5.5,256.9230769230769,44
142,1,1.0,630.0,459000.0,2.0,210.0,41
143,3,2.0,1880.0,911000.0,5.0,313.3333333333333,113
144,2,2.0,1188.0,1350000.0,4.0,237.6,60
145,2,1.5,1300.0,570288.0,3.5,288.8888888888889,61
146,1,1.0,857.0,529000.0,2.0,285.6666666666667,59
147,2,2.0,1071.0,605000.0,4.0,214.2,70
148,5,4.0,2810.0,1295000.0,9.0,281.0,166
149,4,2.5,2400.0,1595000.0,6.5,320.0,61
150,3,3.5,1670.0,600000.0,6.5,222.66666666666666,44
151,3,2.5,2734.0,1605200.0,5.5,420.61538461538464,61
152,3,2.5,1670.0,865000.0,5.5,256.9230769230769,151
153,3,3.0,1530.0,745000.0,6.0,218.57142857142858,80
154,4,1.0,1720.0,543750.0,5.0,286.6666666666667,109
155,3,1.0,1200.0,1099950.0,4.0,240.0,73
156,5,3.0,2030.0,905000.0,8.0,225.55555555555554,113
157,3,2.0,2370.0,1200000.0,5.0,395.0,80
158,3,1.5,1720.0,825000.0,4.5,312.72727272727275,151
159,1,1.0,813.0,680000.0,2.0,271.0,59
160,3,2.0,1590.0,720000.0,5.0,265.0,78
161,1,1.0,626.0,389200.0,2.0,208.66666666666666,109
162,2,1.0,840.0,489000.0,3.0,210.0,33
163,2,2.0,1030.0,575000.0,4.0,206.0,109
164,5,2.5,2870.0,520000.0,7.5,337.6470588235294,44
165,1,1.0,792.0,675000.0,2.0,264.0,59
166,2,1.5,994.0,580000.0,3.5,220.88888888888889,78
167,3,2.0,1630.0,630000.0,5.0,271.6666666666667,44
168,3,1.5,1172.0,685000.0,4.5,213.0909090909091,109
169,3,2.0,1806.0,799000.0,5.0,301.0,80
170,4,2.5,3060.0,1450000.0,6.5,408.0,170
171,5,3.5,3820.0,1350000.0,8.5,402.10526315789474,100
172,2,2.0,1328.0,510000.0,4.0,265.6,14
173,3,2.5,2350.0,1582800.0,5.5,361.53846153846155,170
174,3,2.5,2080.0,977000.0,5.5,320.0,151
175,3,1.0,1000.0,710000.0,4.0,200.0,100
176,2,1.5,1131.0,685000.0,3.5,251.33333333333334,113
177,4,3.0,2230.0,1205000.0,7.0,278.75,44
178,5,3.0,3130.0,2095000.0,8.0,347.77777777777777,109
179,5,3.0,3750.0,1580000.0,8.0,416.6666666666667,83
180,2,2.0,1080.0,450000.0,4.0,216.0,113
181,2,2.0,1720.0,985000.0,4.0,344.0,88
182,1,1.0,854.0,455000.0,2.0,284.6666666666667,83
183,3,2.0,1286.0,738000.0,5.0,214.33333333333334,60
184,2,1.5,1230.0,650000.0,3.5,273.3333333333333,109
185,2,1.0,1422.0,715000.0,3.0,355.5,151
186,4,3.5,3956.0,3200000.0,7.5,465.4117647058824,78
187,6,5.0,3620.0,1420000.0,11.0,301.6666666666667,70
188,3,1.5,1370.0,659950.0,4.5,249.0909090909091,44
189,1,1.0,700.0,325100.0,2.0,233.33333333333334,113
190,2,3.0,1824.0,2458000.0,5.0,304.0,23
191,1,1.0,956.0,870000.0,2.0,318.6666666666667,14
192,4,2.0,2370.0,1350000.0,6.0,338.57142857142856,170
193,4,2.5,2200.0,825000.0,6.5,293.3333333333333,78
194,6,3.0,3020.0,775000.0,9.0,302.0,44
195,5,3.0,3400.0,756500.0,8.0,377.77777777777777,44
196,3,1.0,1660.0,749900.0,4.0,332.0,170
197,4,2.0,2080.0,675000.0,6.0,297.14285714285717,44
198,2,1.5,917.0,625000.0,3.5,203.77777777777777,166
199,2,1.0,900.0,480000.0,3.0,225.0,80
200,4,4.5,3960.0,2485000.0,8.5,416.8421052631579,113
201,1,1.0,889.0,723000.0,2.0,296.3333333333333,59
202,5,3.5,3310.0,1575000.0,8.5,348.42105263157896,170
203,1,1.0,621.0,289900.0,2.0,207.0,61
204,3,3.5,1467.0,859990.0,6.5,195.6,113
205,4,2.0,1910.0,685000.0,6.0,272.85714285714283,78
206,3,2.5,1563.0,839950.0,5.5,240.46153846153845,100
207,5,3.5,3340.0,980000.0,8.5,351.57894736842104,78
208,4,3.0,2390.0,1300000.0,7.0,298.75,70
209,2,1.5,1131.0,670000.0,3.5,251.33333333333334,113
210,2,2.0,1201.0,699950.0,4.0,240.2,166
211,3,3.0,1940.0,450000.0,6.0,277.14285714285717,72
212,1,1.0,519.0,354000.0,2.0,173.0,73
213,2,1.0,1760.0,715000.0,3.0,440.0,88
214,4,3.0,1680.0,905000.0,7.0,210.0,151
215,2,2.0,1192.0,719950.0,4.0,238.4,166
216,4,4.0,2300.0,1440000.0,8.0,255.55555555555554,73
217,3,2.5,2304.0,1100000.0,5.5,354.46153846153845,151
218,4,4.0,2650.0,1000000.0,8.0,294.44444444444446,166
219,5,4.0,4210.0,2625000.0,9.0,421.0,73
220,4,3.0,2840.0,1350000.0,7.0,355.0,27
221,2,1.0,980.0,863000.0,3.0,245.0,83
222,4,4.5,2440.0,1900000.0,8.5,256.8421052631579,73
223,2,2.0,1140.0,590000.0,4.0,228.0,151
224,4,3.5,1824.0,1299000.0,7.5,214.58823529411765,166
225,2,2.0,1115.0,1069000.0,4.0,223.0,59
226,4,3.0,2478.0,2095000.0,7.0,309.75,73
227,2,2.0,1140.0,665000.0,4.0,228.0,61
228,3,1.5,1172.0,685000.0,4.5,213.0909090909091,109
229,2,2.0,1433.0,750000.0,4.0,286.6,60
230,3,2.0,1520.0,760000.0,5.0,253.33333333333334,151
231,3,2.5,1380.0,590000.0,5.5,212.30769230769232,78
232,15,6.0,11010.0,3700000.0,21.0,500.45454545454544,57
233,4,2.0,1750.0,1025000.0,6.0,250.0,73
234,3,2.5,3590.0,1725000.0,5.5,552.3076923076923,166
235,1,1.0,646.0,332000.0,2.0,215.33333333333334,61
236,5,3.0,2040.0,605000.0,8.0,226.66666666666666,100
237,2,2.0,1560.0,980000.0,4.0,312.0,170
238,2,2.5,1088.0,835000.0,4.5,197.8181818181818,83
239,2,1.0,1460.0,400000.0,3.0,365.0,170
240,3,2.0,1380.0,800000.0,5.0,230.0,151
241,2,1.0,1000.0,793000.0,3.0,250.0,88
242,2,2.0,1128.0,625000.0,4.0,225.6,113
243,1,1.0,776.0,515000.0,2.0,258.6666666666667,88
244,3,2.5,2000.0,799000.0,5.5,307.6923076923077,78
245,3,2.0,2029.0,685000.0,5.0,338.1666666666667,170
246,4,5.5,2867.0,1750000.0,9.5,273.04761904761904,170
247,4,3.0,1180.0,956300.0,7.0,147.5,151
248,3,2.0,1920.0,1067000.0,5.0,320.0,72
249,2,2.0,2220.0,551000.0,4.0,444.0,80
250,2,3.0,1300.0,780000.0,5.0,216.66666666666666,83
251,1,1.0,596.0,445000.0,2.0,198.66666666666666,61
252,3,2.0,1460.0,583000.0,5.0,243.33333333333334,78
253,3,2.5,2500.0,1685000.0,5.5,384.61538461538464,151
254,3,2.5,1540.0,852500.0,5.5,236.92307692307693,109
255,5,3.0,2550.0,940000.0,8.0,283.3333333333333,78
256,2,2.0,1018.0,545000.0,4.0,203.6,72
257,3,2.5,1520.0,540700.0,5.5,233.84615384615384,78
258,1,1.0,640.0,345000.0,2.0,213.33333333333334,14
259,4,3.0,2190.0,860000.0,7.0,273.75,80
260,2,1.0,930.0,620000.0,3.0,232.5,61
261,5,2.5,2900.0,800000.0,7.5,341.1764705882353,78
262,4,3.5,2780.0,950000.0,7.5,327.05882352941177,57
263,3,1.0,2560.0,776000.0,4.0,512.0,78
264,1,1.0,613.0,325000.0,2.0,204.33333333333334,109
265,3,2.5,1566.0,875000.0,5.5,240.92307692307693,109
266,2,2.0,1245.0,330000.0,4.0,249.0,44
267,3,2.5,1190.0,750000.0,5.5,183.07692307692307,113
268,5,2.5,2760.0,1025000.0,7.5,324.70588235294116,80
269,4,1.5,3260.0,1695000.0,5.5,501.53846153846155,72
270,4,3.0,2380.0,1399999.0,7.0,297.5,170
271,2,2.5,1884.0,925000.0,4.5,342.54545454545456,88
272,3,2.5,1712.0,910000.0,5.5,263.38461538461536,151
273,2,2.0,1196.0,734999.0,4.0,239.2,83
274,3,2.0,1098.0,864950.0,5.0,183.0,73
275,3,3.0,1250.0,815000.0,6.0,178.57142857142858,151
276,1,1.0,880.0,700000.0,2.0,293.3333333333333,109
277,2,1.5,822.0,400000.0,3.5,182.66666666666666,113
278,4,2.0,1595.0,525000.0,6.0,227.85714285714286,100
279,3,3.0,2380.0,1230000.0,6.0,340.0,60
280,3,2.0,3190.0,2700000.0,5.0,531.6666666666666,57
281,3,2.5,1465.0,1175000.0,5.5,225.3846153846154,70
282,4,2.0,2910.0,1400000.0,6.0,415.7142857142857,170
283,2,3.0,1140.0,675000.0,5.0,190.0,113
284,1,1.0,500.0,385000.0,2.0,166.66666666666666,44
285,3,2.0,1580.0,942000.0,5.0,263.3333333333333,80
286,1,1.0,683.0,601000.0,2.0,227.66666666666666,59
287,5,3.0,2430.0,915000.0,8.0,270.0,61
288,2,2.0,1128.0,479950.0,4.0,225.6,60
289,2,2.0,2360.0,1460000.0,4.0,472.0,72
290,3,2.5,1396.0,780000.0,5.5,214.76923076923077,60
291,1,1.0,615.0,485000.0,2.0,205.0,60
292,4,2.0,2340.0,925000.0,6.0,334.2857142857143,170
293,4,1.5,2140.0,700500.0,5.5,329.2307692307692,78
294,4,3.0,2980.0,1090000.0,7.0,372.5,73
295,3,1.5,1390.0,412000.0,4.5,252.72727272727272,44
296,2,1.0,720.0,525000.0,3.0,180.0,78
297,1,1.0,712.0,325000.0,2.0,237.33333333333334,61
298,4,2.5,1850.0,945000.0,6.5,246.66666666666666,33
299,3,4.5,1710.0,725000.0,7.5,201.1764705882353,80
300,2,1.0,970.0,386000.0,3.0,242.5,78
301,3,2.0,1606.0,1450000.0,5.0,267.6666666666667,61
302,3,2.5,1815.0,1295000.0,5.5,279.2307692307692,166
303,2,1.0,1120.0,700000.0,3.0,280.0,109
304,4,2.0,2220.0,995000.0,6.0,317.14285714285717,27
305,1,1.0,570.0,345000.0,2.0,190.0,88
306,3,2.0,1460.0,888000.0,5.0,243.33333333333334,151
307,5,3.0,3820.0,1575000.0,8.0,424.44444444444446,88
308,3,3.5,2480.0,1795000.0,6.5,330.6666666666667,70
309,5,3.0,2777.0,1338600.0,8.0,308.55555555555554,78
310,2,2.0,1170.0,624999.0,4.0,234.0,113
311,1,1.0,587.0,260000.0,2.0,195.66666666666666,78
312,3,1.0,1430.0,980000.0,4.0,286.0,166
313,2,5.5,1320.0,679950.0,7.5,155.2941176470588,113
314,2,2.0,2170.0,893000.0,4.0,434.0,88
315,1,1.0,635.0,495000.0,2.0,211.66666666666666,60
316,3,1.5,1630.0,895000.0,4.5,296.3636363636364,170
317,2,2.0,1900.0,1310000.0,4.0,380.0,109
318,3,2.0,1760.0,689000.0,5.0,293.3333333333333,78
319,3,2.5,1712.0,970000.0,5.5,263.38461538461536,83
320,4,2.5,3190.0,1820000.0,6.5,425.3333333333333,60
321,4,3.5,3590.0,2900000.0,7.5,422.3529411764706,61
322,1,1.0,630.0,255000.0,2.0,210.0,61
323,2,2.0,1150.0,615000.0,4.0,230.0,59
324,5,2.0,1830.0,665000.0,7.0,228.75,100
325,2,1.0,760.0,250000.0,3.0,190.0,113
326,3,2.5,2600.0,1148000.0,5.5,400.0,151
327,3,2.0,2130.0,990200.0,5.0,355.0,83
328,3,3.5,2899.0,1800000.0,6.5,386.53333333333336,72
329,3,1.0,1090.0,400000.0,4.0,218.0,44
330,4,4.0,3360.0,1200000.0,8.0,373.3333333333333,83
331,4,2.5,2240.0,1050000.0,6.5,298.6666666666667,151
332,2,1.0,886.0,620000.0,3.0,221.5,57
333,3,2.0,1560.0,799000.0,5.0,260.0,78
334,4,2.0,1730.0,852000.0,6.0,247.14285714285714,41
335,3,2.0,1700.0,1150000.0,5.0,283.3333333333333,170
336,4,3.5,1909.0,1500000.0,7.5,224.58823529411765,166
337,3,2.0,2180.0,1012000.0,5.0,363.3333333333333,151
338,1,1.0,681.0,470000.0,2.0,227.0,73
339,3,3.0,1460.0,1000000.0,6.0,208.57142857142858,113
340,1,1.0,704.0,365000.0,2.0,234.66666666666666,70
341,2,1.0,1010.0,549950.0,3.0,252.5,78
342,2,2.5,1635.0,1850000.0,4.5,297.27272727272725,60
343,2,1.5,1022.0,655000.0,3.5,227.11111111111111,113
344,3,1.0,990.0,635000.0,4.0,198.0,41
345,2,2.0,1164.0,706474.0,4.0,232.8,151
346,1,1.0,583.0,349000.0,2.0,194.33333333333334,70
347,2,1.5,888.0,700000.0,3.5,197.33333333333334,166
348,4,2.0,2740.0,1400000.0,6.0,391.42857142857144,70
349,3,2.0,1670.0,485000.0,5.0,278.3333333333333,100
350,3,1.0,830.0,660000.0,4.0,166.0,78
351,2,2.0,1200.0,705000.0,4.0,240.0,109
352,3,3.5,2530.0,1299000.0,6.5,337.3333333333333,60
353,4,3.0,2660.0,1360000.0,7.0,332.5,151
354,4,2.0,2820.0,1441000.0,6.0,402.85714285714283,151
355,2,1.0,1011.0,159488.0,3.0,252.75,166
356,2,1.5,1088.0,590000.0,3.5,241.77777777777777,78
357,6,3.5,3785.0,3150000.0,9.5,360.4761904761905,151
358,3,2.0,1540.0,630000.0,5.0,256.6666666666667,113
359,2,1.5,1180.0,575000.0,3.5,262.22222222222223,44
360,3,3.5,1968.0,980000.0,6.5,262.4,72
361,1,1.0,610.0,340000.0,2.0,203.33333333333334,70
362,2,2.0,1346.0,800000.0,4.0,269.2,88
363,2,2.5,1320.0,570000.0,4.5,240.0,61
364,3,3.5,3064.0,2450000.0,6.5,408.53333333333336,59
365,3,2.0,2980.0,1415000.0,5.0,496.6666666666667,170
366,4,3.5,3050.0,2250000.0,7.5,358.8235294117647,60
367,3,2.0,2020.0,917500.0,5.0,336.6666666666667,61
368,3,2.5,1926.0,1148000.0,5.5,296.3076923076923,109
369,2,1.0,1330.0,479000.0,3.0,332.5,78
370,3,2.0,2410.0,1083000.0,5.0,401.6666666666667,72
371,2,2.5,1580.0,699000.0,4.5,287.27272727272725,78
372,3,1.0,1030.0,710000.0,4.0,206.0,73
373,3,3.0,1630.0,615000.0,6.0,232.85714285714286,44
374,4,2.5,2370.0,750000.0,6.5,316.0,41
375,1,1.0,783.0,530000.0,2.0,261.0,23
376,4,1.0,1310.0,735000.0,5.0,218.33333333333334,41
377,3,2.0,1996.0,986500.0,5.0,332.6666666666667,151
378,3,2.0,1580.0,820000.0,5.0,263.3333333333333,80
379,1,1.0,781.0,481000.0,2.0,260.3333333333333,109
380,2,2.0,1517.0,1350000.0,4.0,303.4,73
381,4,2.0,2360.0,950000.0,6.0,337.14285714285717,170
382,3,2.0,1496.0,824500.0,5.0,249.33333333333334,113
383,2,2.5,1250.0,725000.0,4.5,227.27272727272728,151
384,2,2.0,1810.0,1350000.0,4.0,362.0,70
385,1,1.0,531.0,489000.0,2.0,177.0,59
386,4,2.5,2380.0,1900000.0,6.5,317.3333333333333,73
387,2,2.0,1095.0,599950.0,4.0,219.0,27
388,2,2.0,1080.0,533500.0,4.0,216.0,78
389,2,2.0,1146.0,845000.0,4.0,229.2,57
390,4,2.5,1544.0,850000.0,6.5,205.86666666666667,151
391,1,1.0,707.0,590000.0,2.0,235.66666666666666,109
392,4,3.0,2067.0,1074900.0,7.0,258.375,109
393,4,3.0,2360.0,1360000.0,7.0,295.0,170
394,2,2.0,724.0,430000.0,4.0,144.8,166
395,2,2.5,1649.0,765000.0,4.5,299.8181818181818,100
396,5,2.5,2180.0,1009975.0,7.5,256.47058823529414,100
397,3,2.0,1960.0,955000.0,5.0,326.6666666666667,72
398,1,1.0,727.0,445000.0,2.0,242.33333333333334,166
399,3,2.0,1209.0,725000.0,5.0,201.5,88
400,1,1.0,650.0,349000.0,2.0,216.66666666666666,88
401,5,3.0,3070.0,1450000.0,8.0,341.1111111111111,151
402,4,2.5,2130.0,960000.0,6.5,284.0,60
403,4,2.5,2220.0,1235000.0,6.5,296.0,113
404,4,3.0,2288.0,1105000.0,7.0,286.0,80
405,2,2.0,1370.0,1050000.0,4.0,274.0,59
406,5,3.0,3120.0,795000.0,8.0,346.6666666666667,44
407,4,2.5,2180.0,1275000.0,6.5,290.6666666666667,170
408,3,2.0,1590.0,560000.0,5.0,265.0,41
409,3,1.5,2220.0,930000.0,4.5,403.6363636363636,170
410,1,1.0,813.0,240000.0,2.0,271.0,44
411,1,1.0,574.0,280000.0,2.0,191.33333333333334,61
412,4,2.0,2480.0,825000.0,6.0,354.2857142857143,109
413,4,3.0,3320.0,750000.0,7.0,415.0,88
414,2,1.0,1720.0,575000.0,3.0,430.0,100
415,3,2.0,2050.0,1265000.0,5.0,341.6666666666667,61
416,4,3.0,2370.0,1830000.0,7.0,296.25,170
417,4,5.0,3660.0,2695000.0,9.0,366.0,100
418,3,3.5,1670.0,1115000.0,6.5,222.66666666666666,83
419,2,3.5,990.0,405000.0,5.5,152.30769230769232,44
420,3,3.0,3120.0,1350000.0,6.0,445.7142857142857,72
421,3,2.0,2260.0,1300000.0,5.0,376.6666666666667,72
422,2,1.0,650.0,708888.0,3.0,162.5,166
423,3,3.5,1540.0,699950.0,6.5,205.33333333333334,80
424,3,3.5,1980.0,1055000.0,6.5,264.0,113
425,3,1.0,2160.0,920000.0,4.0,432.0,170
426,4,2.5,3080.0,1650000.0,6.5,410.6666666666667,151
427,2,3.0,1740.0,1395000.0,5.0,290.0,73
428,3,2.0,1900.0,1766000.0,5.0,316.6666666666667,57
429,9,5.0,3940.0,1089000.0,14.0,262.6666666666667,61
430,2,1.5,1366.0,839000.0,3.5,303.55555555555554,88
431,4,1.5,1920.0,850000.0,5.5,295.38461538461536,78
432,1,1.0,715.0,515000.0,2.0,238.33333333333334,170
433,3,2.5,1610.0,895000.0,5.5,247.69230769230768,83
434,6,4.0,2960.0,1050000.0,10.0,269.09090909090907,72
435,4,2.0,1810.0,945000.0,6.0,258.57142857142856,151
436,2,2.0,1125.0,705000.0,4.0,225.0,60
437,2,2.0,1893.0,727000.0,4.0,378.6,170
438,3,2.0,1096.0,875000.0,5.0,182.66666666666666,151
439,3,4.5,3760.0,1570000.0,7.5,442.3529411764706,72
440,4,2.5,2720.0,1315000.0,6.5,362.6666666666667,60
441,2,2.0,1510.0,915000.0,4.0,302.0,73
442,2,2.0,1350.0,1035000.0,4.0,270.0,70
443,4,3.5,2980.0,2400000.0,7.5,350.5882352941176,57
444,2,2.0,1443.0,325000.0,4.0,288.6,44
445,2,2.0,1170.0,428000.0,4.0,234.0,170
446,5,2.0,2260.0,865000.0,7.0,282.5,151
447,3,2.0,1990.0,730000.0,5.0,331.6666666666667,41
448,2,1.5,1555.0,677500.0,3.5,345.55555555555554,109
449,3,2.0,2350.0,1140000.0,5.0,391.6666666666667,109
450,2,1.0,1440.0,699950.0,3.0,360.0,78
451,1,1.0,627.0,429000.0,2.0,209.0,83
452,1,1.0,551.0,410000.0,2.0,183.66666666666666,59
453,2,1.0,770.0,560000.0,3.0,192.5,80
454,3,2.5,1570.0,700000.0,5.5,241.53846153846155,166
455,1,1.0,699.0,390000.0,2.0,233.0,72
456,3,3.0,2650.0,1600000.0,6.0,378.57142857142856,73
457,2,1.5,1070.0,850000.0,3.5,237.77777777777777,166
458,3,0.5,1941.0,892700.0,3.5,431.3333333333333,166
459,3,2.5,2030.0,1439000.0,5.5,312.3076923076923,170
460,2,1.0,1620.0,619000.0,3.0,405.0,44
461,2,2.5,1400.0,850000.0,4.5,254.54545454545453,166
462,3,2.0,2354.0,938000.0,5.0,392.3333333333333,170
463,2,3.5,1155.0,219700.0,5.5,177.69230769230768,100
464,3,1.0,1340.0,785000.0,4.0,268.0,27
465,2,1.0,903.0,363500.0,3.0,225.75,41
466,3,1.5,1220.0,599000.0,4.5,221.8181818181818,166
467,2,1.0,1250.0,500000.0,3.0,312.5,100
468,2,2.0,1040.0,625000.0,4.0,208.0,61
469,2,1.0,1660.0,850000.0,3.0,415.0,61
470,1,1.0,744.0,345000.0,2.0,248.0,170
471,2,1.5,805.0,500000.0,3.5,178.88888888888889,83
472,3,1.0,1060.0,1125000.0,4.0,212.0,151
473,5,3.5,3160.0,2300000.0,8.5,332.63157894736844,57
474,3,3.0,1120.0,525000.0,6.0,160.0,44
475,4,2.5,1881.0,870000.0,6.5,250.8,61
476,5,2.5,3460.0,2425000.0,7.5,407.05882352941177,113
477,1,1.0,376.0,1000000.0,2.0,125.33333333333333,72
478,2,2.0,880.0,680000.0,4.0,176.0,80
479,1,1.0,794.0,660000.0,2.0,264.6666666666667,59
480,3,2.0,1340.0,925000.0,5.0,223.33333333333334,166
481,4,2.5,2560.0,1712000.0,6.5,341.3333333333333,88
482,4,2.0,2178.0,880000.0,6.0,311.14285714285717,61
483,2,1.0,1180.0,870260.0,3.0,295.0,109
484,4,3.5,3220.0,2195000.0,7.5,378.8235294117647,72
485,3,3.0,2070.0,730000.0,6.0,295.7142857142857,60
486,3,2.5,2131.0,1520000.0,5.5,327.84615384615387,70
487,2,3.0,970.0,769900.0,5.0,161.66666666666666,60
488,6,3.5,2430.0,870000.0,9.5,231.42857142857142,33
489,3,2.5,1395.0,725000.0,5.5,214.6153846153846,88
490,3,2.5,1810.0,922000.0,5.5,278.46153846153845,78
491,2,1.0,904.0,520000.0,3.0,226.0,109
492,1,1.0,717.0,425000.0,2.0,239.0,61
493,5,3.0,2170.0,775000.0,8.0,241.11111111111111,44
494,4,3.0,3120.0,1670000.0,7.0,390.0,113
495,3,2.0,1870.0,849000.0,5.0,311.6666666666667,60
496,4,3.5,2285.0,1500000.0,7.5,268.8235294117647,88
497,3,2.5,2783.0,1640000.0,5.5,428.15384615384613,72
498,4,2.0,2540.0,1280000.0,6.0,362.85714285714283,83
499,2,2.0,1734.0,725000.0,4.0,346.8,61
500,2,1.0,1010.0,870000.0,3.0,252.5,78
501,3,2.5,1420.0,890000.0,5.5,218.46153846153845,166
502,3,1.0,1410.0,475000.0,4.0,282.0,100
503,3,2.0,2320.0,880000.0,5.0,386.6666666666667,170
504,1,1.0,553.0,335000.0,2.0,184.33333333333334,166
505,3,2.0,1719.0,1160000.0,5.0,286.5,166
506,4,2.0,2037.0,1247500.0,6.0,291.0,70
507,1,1.0,954.0,555000.0,2.0,318.0,23
508,2,1.5,1370.0,700000.0,3.5,304.44444444444446,170
509,2,1.0,1480.0,905000.0,3.0,370.0,151
510,5,4.5,3636.0,2840000.0,9.5,346.2857142857143,170
511,3,1.5,1780.0,650000.0,4.5,323.6363636363636,80
512,3,2.0,1094.0,649995.0,5.0,182.33333333333334,33
513,1,1.0,830.0,695000.0,2.0,276.6666666666667,166
514,2,2.0,834.0,351000.0,4.0,166.8,80
515,2,1.5,1035.0,656500.0,3.5,230.0,57
516,4,3.0,2790.0,965000.0,7.0,348.75,61
517,2,2.0,859.0,499950.0,4.0,171.8,80
518,4,3.5,5690.0,3630000.0,7.5,669.4117647058823,57
519,2,1.0,772.0,409000.0,3.0,193.0,166
520,3,1.0,1430.0,499800.0,4.0,286.0,44
521,3,2.5,1460.0,575000.0,5.5,224.6153846153846,78
522,3,2.5,1386.0,999950.0,5.5,213.23076923076923,83
523,5,3.0,2310.0,780000.0,8.0,256.6666666666667,78
524,2,1.5,1340.0,675000.0,3.5,297.77777777777777,170
525,2,4.0,1291.0,800500.0,6.0,184.42857142857142,88
526,3,2.5,2320.0,949000.0,5.5,356.9230769230769,88
527,3,2.5,2150.0,1360000.0,5.5,330.7692307692308,88
528,2,2.0,1885.0,550000.0,4.0,377.0,170
529,3,2.0,1425.0,750000.0,5.0,237.5,151
530,3,2.5,1810.0,1000000.0,5.5,278.46153846153845,83
531,2,1.0,1280.0,859000.0,3.0,320.0,100
532,3,3.0,1480.0,729000.0,6.0,211.42857142857142,151
533,3,3.0,2110.0,1270000.0,6.0,301.42857142857144,27
534,2,1.0,1027.0,300000.0,3.0,256.75,170
535,1,1.0,808.0,730000.0,2.0,269.3333333333333,23
536,3,2.5,1569.0,950000.0,5.5,241.3846153846154,83
537,3,3.0,2247.0,1725000.0,6.0,321.0,61
538,3,1.0,1220.0,750000.0,4.0,244.0,83
539,2,1.0,1060.0,900000.0,3.0,265.0,166
540,4,2.0,1920.0,1210000.0,6.0,274.2857142857143,100
541,1,1.0,804.0,425000.0,2.0,268.0,88
542,2,1.0,813.0,452500.0,3.0,203.25,88
543,4,1.5,1740.0,649950.0,5.5,267.6923076923077,41
544,3,1.5,2230.0,1075000.0,4.5,405.45454545454544,151
545,4,2.5,2760.0,640000.0,6.5,368.0,44
546,3,3.0,1660.0,795000.0,6.0,237.14285714285714,100
547,3,2.5,1360.0,805000.0,5.5,209.23076923076923,57
548,4,4.5,5200.0,2600000.0,8.5,547.3684210526316,100
549,3,2.5,1573.0,1030000.0,5.5,242.0,83
550,1,1.0,700.0,645000.0,2.0,233.33333333333334,23
551,4,3.0,1700.0,649000.0,7.0,212.5,41
552,4,3.5,2560.0,1325000.0,7.5,301.1764705882353,113
553,3,2.0,1330.0,680000.0,5.0,221.66666666666666,109
554,4,2.0,2180.0,838000.0,6.0,311.42857142857144,170
555,3,2.0,1350.0,785000.0,5.0,225.0,166
556,2,1.5,1720.0,725000.0,3.5,382.22222222222223,113
557,4,3.5,3060.0,3931000.0,7.5,360.0,60
558,2,2.0,954.0,380000.0,4.0,190.8,61
559,2,2.5,1460.0,599950.0,4.5,265.45454545454544,78
560,4,3.0,1540.0,1108000.0,7.0,192.5,73
561,1,1.0,709.0,470000.0,2.0,236.33333333333334,61
562,3,1.5,2560.0,720000.0,4.5,465.45454545454544,100
563,1,1.0,534.0,324000.0,2.0,178.0,70
564,2,2.5,1440.0,875000.0,4.5,261.8181818181818,113
565,1,1.0,627.0,462750.0,2.0,209.0,59
566,3,2.5,1324.0,649950.0,5.5,203.69230769230768,80
567,2,2.0,1290.0,635000.0,4.0,258.0,78
568,1,1.0,748.0,499000.0,2.0,249.33333333333334,109
569,2,2.5,1830.0,1730000.0,4.5,332.72727272727275,88
570,3,2.0,1660.0,795000.0,5.0,276.6666666666667,170
571,3,1.0,1964.0,625000.0,4.0,392.8,44
572,3,2.0,1460.0,759000.0,5.0,243.33333333333334,88
573,1,1.0,683.0,450500.0,2.0,227.66666666666666,70
574,4,2.0,2060.0,812500.0,6.0,294.2857142857143,170
575,4,2.0,1160.0,710000.0,6.0,165.71428571428572,166
576,3,2.0,1540.0,680000.0,5.0,256.6666666666667,113
577,1,1.0,529.0,265000.0,2.0,176.33333333333334,100
578,2,1.0,1860.0,898000.0,3.0,465.0,73
579,1,1.0,648.0,515000.0,2.0,216.0,170
580,5,4.0,4490.0,1150000.0,9.0,449.0,109
581,6,4.0,2310.0,849000.0,10.0,210.0,33
582,3,3.5,3130.0,2350000.0,6.5,417.3333333333333,73
583,2,1.0,2110.0,376000.0,3.0,527.5,41
584,3,1.5,1590.0,700000.0,4.5,289.09090909090907,33
585,3,2.5,1280.0,900000.0,5.5,196.92307692307693,73
586,2,1.0,840.0,495000.0,3.0,210.0,100
587,3,2.0,2020.0,950000.0,5.0,336.6666666666667,78
588,4,3.0,3610.0,2330000.0,7.0,451.25,73
589,4,3.5,2336.0,1080000.0,7.5,274.8235294117647,170
590,2,1.0,1040.0,350000.0,3.0,260.0,61
591,1,1.0,620.0,399000.0,2.0,206.66666666666666,70
592,1,1.0,728.0,360000.0,2.0,242.66666666666666,70
593,3,2.5,1970.0,715000.0,5.5,303.0769230769231,166
594,4,3.0,2190.0,1490000.0,7.0,273.75,170
595,4,3.0,2120.0,920000.0,7.0,265.0,80
596,2,2.0,1415.0,449000.0,4.0,283.0,78
597,4,3.5,1835.0,1299950.0,7.5,215.88235294117646,166
598,2,4.5,1670.0,1115000.0,6.5,222.66666666666666,83
599,3,3.5,2570.0,2000000.0,6.5,342.6666666666667,73
600,3,2.0,2060.0,700000.0,5.0,343.3333333333333,100
601,3,2.5,1740.0,1678000.0,5.5,267.6923076923077,60
602,5,3.0,2510.0,910000.0,8.0,278.8888888888889,166
603,2,2.5,1000.0,660000.0,4.5,181.8181818181818,113
604,3,2.0,1516.0,1150000.0,5.0,252.66666666666666,88
605,3,1.0,940.0,500000.0,4.0,188.0,60
606,4,2.0,2440.0,1116000.0,6.0,348.57142857142856,113
607,5,4.0,2470.0,1005000.0,9.0,247.0,100
608,2,2.0,1288.0,755000.0,4.0,257.6,61
609,4,3.5,3240.0,1995000.0,7.5,381.1764705882353,57
610,2,2.0,693.0,490000.0,4.0,138.6,70
611,3,2.5,1550.0,825000.0,5.5,238.46153846153845,83
612,4,2.0,2080.0,750000.0,6.0,297.14285714285717,78
613,4,3.0,1400.0,1000000.0,7.0,175.0,83
614,2,2.5,1159.0,885000.0,4.5,210.72727272727272,109
615,2,1.5,901.0,599000.0,3.5,200.22222222222223,83
616,4,3.0,2900.0,1175000.0,7.0,362.5,60
617,4,2.5,2052.0,865000.0,6.5,273.6,44
618,1,1.0,773.0,685000.0,2.0,257.6666666666667,59
619,2,2.0,1040.0,345000.0,4.0,208.0,100
620,2,2.0,2353.0,1160000.0,4.0,470.6,88
621,2,2.0,1212.0,600000.0,4.0,242.4,60
622,5,2.0,2640.0,1000000.0,7.0,330.0,109
623,2,1.0,1090.0,580000.0,3.0,272.5,100
624,5,2.5,3960.0,1850000.0,7.5,465.88235294117646,72
625,4,1.5,3030.0,1500000.0,5.5,466.15384615384613,57
626,4,2.5,3080.0,650000.0,6.5,410.6666666666667,44
627,1,1.0,700.0,405000.0,2.0,233.33333333333334,70
628,2,1.5,1276.0,885000.0,3.5,283.55555555555554,166
629,3,1.0,910.0,480000.0,4.0,182.0,44
630,5,3.5,4180.0,3000000.0,8.5,440.0,61
631,1,1.0,852.0,430000.0,2.0,284.0,83
632,5,1.5,2830.0,766000.0,6.5,377.3333333333333,100
633,2,1.0,970.0,600000.0,3.0,242.5,88
634,3,2.0,1576.0,974999.0,5.0,262.6666666666667,109
635,1,1.0,667.0,327500.0,2.0,222.33333333333334,170
636,3,2.0,1080.0,875000.0,5.0,180.0,88
637,2,5.5,2659.0,6250000.0,7.5,312.8235294117647,60
638,5,5.0,3623.0,1975000.0,10.0,329.3636363636364,170
639,4,3.5,2520.0,1765000.0,7.5,296.47058823529414,72
640,4,3.5,2720.0,1750000.0,7.5,320.0,60
641,2,2.0,968.0,715000.0,4.0,193.6,166
642,2,2.0,839.0,385000.0,4.0,167.8,61
643,2,3.5,2080.0,1495000.0,5.5,320.0,166
644,2,2.0,693.0,480000.0,4.0,138.6,70
645,2,2.5,1365.0,525000.0,4.5,248.1818181818182,100
646,2,1.0,1580.0,500000.0,3.0,395.0,44
647,2,1.0,860.0,750000.0,3.0,215.0,88
648,2,2.0,1038.0,600000.0,4.0,207.6,88
649,4,3.0,2860.0,1600000.0,7.0,357.5,166
650,1,1.0,557.0,370000.0,2.0,185.66666666666666,60
651,2,2.0,1644.0,2250000.0,4.0,328.8,23
652,5,2.0,2340.0,613000.0,7.0,292.5,78
653,3,2.5,1810.0,1000000.0,5.5,278.46153846153845,83
654,2,1.0,2530.0,700000.0,3.0,632.5,109
655,3,3.5,1820.0,1125000.0,6.5,242.66666666666666,109
656,2,1.0,648.0,430000.0,3.0,162.0,83
657,2,2.5,1448.0,1325000.0,4.5,263.27272727272725,166
658,2,1.0,1660.0,535000.0,3.0,415.0,78
659,5,3.0,2970.0,1225000.0,8.0,330.0,151
660,5,4.0,3030.0,1250000.0,9.0,303.0,33
661,3,2.0,1400.0,530000.0,5.0,233.33333333333334,78
662,2,1.5,900.0,549755.0,3.5,200.0,61
663,3,2.0,2740.0,1278500.0,5.0,456.6666666666667,113
664,2,1.0,720.0,545000.0,3.0,180.0,151
665,4,2.5,1880.0,1050000.0,6.5,250.66666666666666,151
666,3,2.5,1681.0,650000.0,5.5,258.61538461538464,80
667,4,2.0,3325.0,1650000.0,6.0,475.0,72
668,5,3.5,4397.0,3400000.0,8.5,462.8421052631579,73
669,3,1.5,1540.0,689000.0,4.5,280.0,80
670,3,1.0,1530.0,435000.0,4.0,306.0,41
671,2,2.0,1015.0,468000.0,4.0,203.0,170
672,4,3.0,2340.0,780000.0,7.0,292.5,33
673,1,1.0,836.0,605000.0,2.0,278.6666666666667,59
674,1,1.0,492.0,205000.0,2.0,164.0,41
675,3,3.0,1880.0,999950.0,6.0,268.57142857142856,83
676,2,2.0,1570.0,849000.0,4.0,314.0,166
677,4,2.5,1806.0,745000.0,6.5,240.8,100
678,2,2.0,1595.0,945000.0,4.0,319.0,70
679,2,2.0,1526.0,893000.0,4.0,305.2,72
680,3,2.5,1346.0,899000.0,5.5,207.07692307692307,83
681,3,2.0,1600.0,877500.0,5.0,266.6666666666667,151
682,2,2.0,1170.0,655000.0,4.0,234.0,57
683,3,2.5,1660.0,690000.0,5.5,255.3846153846154,113
684,1,1.0,707.0,325000.0,2.0,235.66666666666666,61
685,3,2.0,1390.0,899950.0,5.0,231.66666666666666,88
686,3,2.0,2900.0,1305000.0,5.0,483.3333333333333,72
687,1,1.0,704.0,519950.0,2.0,234.66666666666666,113
688,3,4.0,2400.0,1460000.0,7.0,300.0,109
689,3,1.0,1120.0,985000.0,4.0,224.0,57
690,4,2.0,1710.0,1170000.0,6.0,244.28571428571428,151
691,3,2.0,1880.0,955000.0,5.0,313.3333333333333,109
692,3,3.0,1454.0,890955.0,6.0,207.71428571428572,109
693,14,5.0,3884.0,1300000.0,19.0,194.2,78
694,3,1.5,2300.0,1125000.0,4.5,418.1818181818182,83
695,4,3.0,2520.0,1025000.0,7.0,315.0,73
696,4,3.0,3335.0,1325000.0,7.0,416.875,170
697,3,2.5,2118.0,837000.0,5.5,325.84615384615387,100
698,2,1.0,910.0,825000.0,3.0,227.5,151
699,4,1.0,2080.0,800000.0,5.0,346.6666666666667,151
700,2,1.0,2520.0,810000.0,3.0,630.0,109
701,3,2.0,1560.0,965000.0,5.0,260.0,88
702,2,1.0,1130.0,1180000.0,3.0,282.5,72
703,1,1.0,543.0,425000.0,2.0,181.0,59
704,1,1.0,620.0,524950.0,2.0,206.66666666666666,44
705,3,3.0,1720.0,865000.0,6.0,245.71428571428572,27
706,2,2.0,1015.0,500000.0,4.0,203.0,170
707,1,1.0,530.0,390800.0,2.0,176.66666666666666,100
708,4,2.0,1350.0,700000.0,6.0,192.85714285714286,78
709,3,2.5,1510.0,717500.0,5.5,232.30769230769232,61
710,1,1.5,1021.0,1099900.0,2.5,291.7142857142857,23
711,3,1.0,1730.0,900000.0,4.0,346.0,166
712,2,2.0,3120.0,1050000.0,4.0,624.0,100
713,4,2.5,2172.0,975000.0,6.5,289.6,73
714,3,3.5,1410.0,740000.0,6.5,188.0,151
715,1,1.0,578.0,379000.0,2.0,192.66666666666666,59
716,2,2.0,1350.0,960000.0,4.0,270.0,151
717,2,2.0,900.0,1650000.0,4.0,180.0,60
718,2,2.5,1865.0,890000.0,4.5,339.09090909090907,61
719,2,2.0,1174.0,779000.0,4.0,234.8,61
720,3,1.5,1250.0,552000.0,4.5,227.27272727272728,44
721,5,3.0,3590.0,1700000.0,8.0,398.8888888888889,151
722,3,2.0,1548.0,850000.0,5.0,258.0,151
723,4,3.0,3030.0,1119000.0,7.0,378.75,170
724,1,1.0,622.0,387000.0,2.0,207.33333333333334,166
725,4,2.0,2245.0,775000.0,6.0,320.7142857142857,44
726,4,3.5,2627.0,1650000.0,7.5,309.05882352941177,100
727,4,2.5,3680.0,1880000.0,6.5,490.6666666666667,100
728,2,1.0,2170.0,950000.0,3.0,542.5,72
729,3,1.0,1600.0,1023000.0,4.0,320.0,70
730,2,2.5,2803.0,2320000.0,4.5,509.6363636363636,23
731,3,1.5,2120.0,865000.0,4.5,385.45454545454544,73
732,3,2.5,1980.0,675000.0,5.5,304.61538461538464,41
733,3,2.0,1370.0,1270000.0,5.0,228.33333333333334,166
734,1,1.0,723.0,315000.0,2.0,241.0,61
735,4,1.5,1300.0,975000.0,5.5,200.0,109
736,3,2.0,1060.0,599000.0,5.0,176.66666666666666,78
737,1,1.0,531.0,396000.0,2.0,177.0,59
738,2,1.0,770.0,490000.0,3.0,192.5,78
739,4,3.0,2470.0,1180000.0,7.0,308.75,170
740,3,2.5,2260.0,1406000.0,5.5,347.6923076923077,166
741,2,1.5,1120.0,605000.0,3.5,248.88888888888889,166
742,3,3.5,1936.0,1295000.0,6.5,258.1333333333333,109
743,2,2.5,1560.0,730000.0,4.5,283.6363636363636,151
744,2,2.0,1020.0,605000.0,4.0,204.0,100
745,3,2.0,1100.0,645000.0,5.0,183.33333333333334,109
746,3,2.0,2120.0,1130000.0,5.0,353.3333333333333,166
747,2,2.5,1400.0,1062500.0,4.5,254.54545454545453,60
748,2,2.0,1429.0,855000.0,4.0,285.8,80
749,3,2.5,1320.0,835000.0,5.5,203.07692307692307,151
750,4,4.5,4790.0,1750000.0,8.5,504.2105263157895,113
751,3,1.0,1070.0,515000.0,4.0,214.0,44
752,2,2.5,1966.0,1495000.0,4.5,357.45454545454544,166
753,2,2.0,1146.0,675000.0,4.0,229.2,88
754,3,2.5,1047.0,720000.0,5.5,161.07692307692307,113
755,2,1.5,1760.0,650000.0,3.5,391.1111111111111,113
756,2,2.0,1030.0,826500.0,4.0,206.0,78
757,3,2.0,1514.0,915000.0,5.0,252.33333333333334,83
758,3,1.5,1520.0,720000.0,4.5,276.3636363636364,41
759,4,3.5,3360.0,1575000.0,7.5,395.29411764705884,60
760,3,2.0,1910.0,725000.0,5.0,318.3333333333333,60
761,2,2.5,1550.0,1051500.0,4.5,281.8181818181818,109
762,1,1.0,641.0,349000.0,2.0,213.66666666666666,109
763,3,3.0,1190.0,765000.0,6.0,170.0,113
764,4,2.0,2640.0,700000.0,6.0,377.14285714285717,109
765,2,1.5,938.0,425000.0,3.5,208.44444444444446,78
766,3,3.5,2206.0,1116000.0,6.5,294.1333333333333,166
767,1,1.0,680.0,355000.0,2.0,226.66666666666666,14
768,2,1.0,749.0,489000.0,3.0,187.25,166
769,2,2.0,1353.0,785000.0,4.0,270.6,170
770,1,1.0,250.0,159000.0,2.0,83.33333333333333,166
771,8,4.0,3136.0,1005000.0,12.0,241.23076923076923,41
772,2,2.0,1149.0,730000.0,4.0,229.8,170
773,1,1.0,861.0,405000.0,2.0,287.0,80
774,4,2.5,2050.0,805000.0,6.5,273.3333333333333,27
775,2,2.0,1106.0,700000.0,4.0,221.2,61
776,3,3.5,1930.0,600000.0,6.5,257.3333333333333,78
777,4,3.0,3090.0,210000.0,7.0,386.25,44
778,3,2.0,2437.0,1275000.0,5.0,406.1666666666667,100
779,2,2.5,1330.0,699950.0,4.5,241.8181818181818,73
780,3,2.0,1680.0,910000.0,5.0,280.0,60
781,2,2.0,834.0,552450.0,4.0,166.8,170
782,2,2.0,1112.0,675000.0,4.0,222.4,27
783,1,1.0,626.0,275000.0,2.0,208.66666666666666,170
784,2,1.0,1230.0,326000.0,3.0,307.5,113
785,4,2.5,2840.0,1200000.0,6.5,378.6666666666667,73
786,2,1.5,1115.0,745000.0,3.5,247.77777777777777,83
787,4,2.0,2240.0,750000.0,6.0,320.0,78
788,3,3.0,1687.0,946000.0,6.0,241.0,170
789,4,3.0,1900.0,1150000.0,7.0,237.5,166
790,3,3.0,1970.0,1395000.0,6.0,281.42857142857144,27
791,3,2.5,1512.0,760000.0,5.5,232.6153846153846,113
792,1,1.0,696.0,449000.0,2.0,232.0,109
793,2,1.5,806.0,510000.0,3.5,179.11111111111111,78
794,2,2.0,1319.0,838000.0,4.0,263.8,83
795,2,1.0,2300.0,525000.0,3.0,575.0,44
796,2,1.5,1127.0,1008000.0,3.5,250.44444444444446,60
797,4,2.0,2280.0,640000.0,6.0,325.7142857142857,44
798,2,2.0,1120.0,789500.0,4.0,224.0,80
799,4,3.0,1960.0,1270000.0,7.0,245.0,60
800,1,1.0,627.0,335000.0,2.0,209.0,23
801,2,2.0,1228.0,900000.0,4.0,245.6,61
802,3,2.0,1800.0,1130000.0,5.0,300.0,151
803,1,1.0,883.0,500000.0,2.0,294.3333333333333,70
804,4,1.0,1190.0,463900.0,5.0,198.33333333333334,78
805,5,5.5,5770.0,5000000.0,10.5,501.7391304347826,109
806,2,2.5,1710.0,875000.0,4.5,310.90909090909093,151
807,2,2.0,968.0,700000.0,4.0,193.6,166
808,2,1.0,790.0,532500.0,3.0,197.5,44
809,1,1.0,376.0,1000000.0,2.0,125.33333333333333,72
810,6,5.5,4510.0,2202718.0,11.5,360.8,44
811,3,2.0,1300.0,1100000.0,5.0,216.66666666666666,72
812,3,3.5,2106.0,1266000.0,6.5,280.8,170
813,3,2.5,1573.0,1099950.0,5.5,242.0,83
814,4,2.0,2870.0,703500.0,6.0,410.0,44
815,4,3.5,4006.0,2940000.0,7.5,471.29411764705884,72
816,2,1.0,1060.0,875000.0,3.0,265.0,33
817,1,1.0,562.0,285000.0,2.0,187.33333333333334,72
818,3,2.5,1610.0,840000.0,5.5,247.69230769230768,72
819,2,3.0,1212.0,600000.0,5.0,202.0,60
820,4,2.5,2390.0,1350000.0,6.5,318.6666666666667,170
821,2,1.0,1080.0,950000.0,3.0,270.0,72
822,2,1.0,1350.0,850000.0,3.0,337.5,80
823,4,3.5,2795.0,1740000.0,7.5,328.8235294117647,109
824,2,2.0,1369.0,720000.0,4.0,273.8,88
825,2,1.0,970.0,1075000.0,3.0,242.5,166
826,3,3.5,1820.0,1250000.0,6.5,242.66666666666666,109
827,3,2.0,1770.0,500000.0,5.0,295.0,44
828,6,4.0,3280.0,999950.0,10.0,298.1818181818182,100
829,3,1.0,1260.0,440000.0,4.0,252.0,44
830,4,2.5,1939.0,1025000.0,6.5,258.53333333333336,83
831,1,1.0,610.0,679950.0,2.0,203.33333333333334,23
832,4,3.0,2200.0,874999.0,7.0,275.0,100
833,3,3.5,3036.0,3250000.0,6.5,404.8,59
834,3,2.5,1861.0,1395000.0,5.5,286.3076923076923,59
835,3,2.0,1650.0,750000.0,5.0,275.0,80
836,1,1.0,722.0,299900.0,2.0,240.66666666666666,100
837,3,2.0,1260.0,615000.0,5.0,210.0,61
838,2,2.5,2714.0,1735000.0,4.5,493.45454545454544,60
839,2,2.0,1020.0,605000.0,4.0,204.0,100
840,3,3.5,1471.0,799990.0,6.5,196.13333333333333,113
841,3,2.5,1500.0,1023500.0,5.5,230.76923076923077,70
842,2,1.0,1080.0,650000.0,3.0,270.0,100
843,4,2.5,1544.0,889000.0,6.5,205.86666666666667,151
844,2,2.0,1004.0,320000.0,4.0,200.8,78
845,4,2.0,1470.0,460000.0,6.0,210.0,100
846,4,2.0,1680.0,930000.0,6.0,240.0,83
847,4,2.0,2420.0,948750.0,6.0,345.7142857142857,80
848,4,3.5,2011.0,1130000.0,7.5,236.58823529411765,60
849,2,2.0,896.0,549250.0,4.0,179.2,83
850,2,2.0,1415.0,445000.0,4.0,283.0,78
851,2,2.5,840.0,629000.0,4.5,152.72727272727272,113
852,1,1.0,434.0,345000.0,2.0,144.66666666666666,60
853,4,2.5,2730.0,1175000.0,6.5,364.0,41
854,3,1.5,1350.0,599000.0,4.5,245.45454545454547,100
855,3,3.5,1740.0,840000.0,6.5,232.0,109
856,3,2.5,1940.0,1140000.0,5.5,298.46153846153845,100
857,4,1.0,1340.0,685000.0,5.0,223.33333333333334,113
858,2,2.0,1110.0,689000.0,4.0,222.0,166
859,3,2.5,1380.0,613000.0,5.5,212.30769230769232,170
860,3,2.5,1400.0,785000.0,5.5,215.3846153846154,60
861,3,2.0,2110.0,815000.0,5.0,351.6666666666667,33
862,1,1.0,557.0,399950.0,2.0,185.66666666666666,60
863,3,2.0,1830.0,835000.0,5.0,305.0,80
864,3,2.0,1480.0,780000.0,5.0,246.66666666666666,88
865,3,1.5,1550.0,835000.0,4.5,281.8181818181818,61
866,3,2.0,1670.0,620000.0,5.0,278.3333333333333,41
867,4,2.5,2890.0,1650000.0,6.5,385.3333333333333,170
868,3,3.5,1590.0,820000.0,6.5,212.0,60
869,1,1.0,630.0,439900.0,2.0,210.0,61
870,4,2.0,1440.0,760000.0,6.0,205.71428571428572,80
871,3,2.5,2529.0,1650000.0,5.5,389.0769230769231,109
872,3,3.0,1086.0,539950.0,6.0,155.14285714285714,113
873,3,2.0,1565.0,985000.0,5.0,260.8333333333333,166
874,2,2.0,916.0,760000.0,4.0,183.2,59
875,3,7.0,2190.0,1868000.0,10.0,199.0909090909091,57
876,2,2.0,1400.0,530000.0,4.0,280.0,170
877,3,3.5,1352.0,886000.0,6.5,180.26666666666668,170
878,4,4.0,2030.0,1349000.0,8.0,225.55555555555554,170
879,3,2.0,1455.0,959822.0,5.0,242.5,151
880,5,4.0,3240.0,1825000.0,9.0,324.0,72
881,3,2.0,924.0,422000.0,5.0,154.0,80
882,2,2.0,1470.0,825000.0,4.0,294.0,170
883,3,2.0,1758.0,1130000.0,5.0,293.0,166
884,3,2.5,1830.0,960000.0,5.5,281.53846153846155,88
885,2,1.0,1019.0,640000.0,3.0,254.75,83
886,4,3.0,2970.0,1950000.0,7.0,371.25,60
887,3,3.5,1500.0,700000.0,6.5,200.0,166
888,3,2.0,2020.0,900000.0,5.0,336.6666666666667,70
889,3,3.5,2188.0,1700000.0,6.5,291.73333333333335,57
890,1,1.0,507.0,460000.0,2.0,169.0,23
891,2,1.5,1131.0,699950.0,3.5,251.33333333333334,113
892,2,2.0,982.0,705000.0,4.0,196.4,109
893,2,2.0,1889.0,2750000.0,4.0,377.8,57
894,2,1.0,1440.0,699990.0,3.0,360.0,61
895,2,2.0,789.0,475000.0,4.0,157.8,83
896,2,2.0,1131.0,575000.0,4.0,226.2,88
897,4,3.0,3300.0,1995000.0,7.0,412.5,72
898,4,2.0,2510.0,1025000.0,6.0,358.57142857142856,170
899,2,2.5,1580.0,1790000.0,4.5,287.27272727272725,44
900,1,2.0,966.0,640000.0,3.0,241.5,59
901,1,1.0,703.0,350000.0,2.0,234.33333333333334,80
902,2,2.0,1220.0,600000.0,4.0,244.0,100
903,9,5.0,3590.0,1100400.0,14.0,239.33333333333334,151
904,6,5.5,4299.0,3300000.0,11.5,343.92,170
905,1,1.0,900.0,369950.0,2.0,300.0,73
906,3,2.5,1260.0,750000.0,5.5,193.84615384615384,151
907,2,2.5,1048.0,760000.0,4.5,190.54545454545453,170
908,4,1.0,1470.0,699999.0,5.0,245.0,78
909,1,1.0,1113.0,595000.0,2.0,371.0,60
910,2,2.0,1570.0,715000.0,4.0,314.0,166
911,3,2.5,2740.0,1375000.0,5.5,421.53846153846155,151
912,2,2.5,1470.0,885000.0,4.5,267.27272727272725,166
913,4,2.0,1710.0,685000.0,6.0,244.28571428571428,100
914,3,2.5,1580.0,1095000.0,5.5,243.07692307692307,166
915,2,1.0,800.0,550000.0,3.0,200.0,78
916,3,1.0,980.0,500000.0,4.0,196.0,166
917,5,3.5,3700.0,2075000.0,8.5,389.4736842105263,109
918,4,2.0,2352.0,1450000.0,6.0,336.0,72
919,3,3.0,2320.0,675000.0,6.0,331.42857142857144,78
920,2,2.0,1503.0,729000.0,4.0,300.6,33
921,4,5.5,2410.0,1500000.0,9.5,229.52380952380952,41
922,2,1.5,950.0,1270000.0,3.5,211.11111111111111,166
923,3,1.5,1640.0,1060000.0,4.5,298.1818181818182,166
924,3,1.5,2440.0,1400000.0,4.5,443.6363636363636,57
925,1,1.0,594.0,405000.0,2.0,198.0,73
926,4,2.0,1480.0,665000.0,6.0,211.42857142857142,100
927,3,2.5,1220.0,618000.0,5.5,187.69230769230768,100
928,3,2.0,2740.0,1305000.0,5.0,456.6666666666667,27
929,3,3.0,2160.0,1300000.0,6.0,308.57142857142856,100
930,2,2.0,1400.0,850000.0,4.0,280.0,72
931,3,2.5,2650.0,1112000.0,5.5,407.6923076923077,60
932,2,2.0,2735.0,871000.0,4.0,547.0,59
933,1,1.0,750.0,420000.0,2.0,250.0,88
934,2,1.0,1201.0,605000.0,3.0,300.25,80
935,6,6.0,3488.0,1225000.0,12.0,268.3076923076923,166
936,4,2.0,1742.0,781000.0,6.0,248.85714285714286,73
937,4,2.0,2390.0,1195000.0,6.0,341.42857142857144,73
938,3,1.0,4018.0,517500.0,4.0,803.6,109
939,3,3.5,1530.0,1089000.0,6.5,204.0,151
940,1,1.0,600.0,370000.0,2.0,200.0,57
941,5,3.5,3340.0,2500000.0,8.5,351.57894736842104,57
942,2,1.0,2060.0,525000.0,3.0,515.0,78
943,3,2.5,1650.0,675000.0,5.5,253.84615384615384,78
944,1,1.0,640.0,497000.0,2.0,213.33333333333334,113
945,2,2.0,1106.0,1470000.0,4.0,221.2,61
946,2,2.0,1200.0,519000.0,4.0,240.0,72
947,3,2.5,1390.0,575000.0,5.5,213.84615384615384,80
948,3,2.0,1759.0,890000.0,5.0,293.1666666666667,88
949,2,1.5,1690.0,779000.0,3.5,375.55555555555554,100
950,4,3.5,2191.0,1394600.0,7.5,257.7647058823529,166
951,3,2.5,1380.0,655000.0,5.5,212.30769230769232,113
952,2,2.0,877.0,415000.0,4.0,175.4,170
953,5,4.0,2754.0,956000.0,9.0,275.4,80
954,3,2.0,2770.0,700000.0,5.0,461.6666666666667,170
955,1,1.0,515.0,309000.0,2.0,171.66666666666666,88
956,3,2.0,2029.0,685000.0,5.0,338.1666666666667,170
957,4,3.0,2560.0,890000.0,7.0,320.0,170
958,5,3.5,2966.0,1263500.0,8.5,312.2105263157895,80
959,3,2.5,1763.0,1135000.0,5.5,271.2307692307692,151
960,3,2.5,1550.0,1350000.0,5.5,238.46153846153845,88
961,2,1.0,830.0,645000.0,3.0,207.5,27
962,2,2.0,1019.0,499000.0,4.0,203.8,70
963,1,1.0,696.0,385000.0,2.0,232.0,73
964,5,3.5,5090.0,4325000.0,8.5,535.7894736842105,60
965,3,4.5,1460.0,700000.0,7.5,171.76470588235293,33
966,2,2.0,1036.0,789950.0,4.0,207.2,166
967,1,1.0,854.0,540000.0,2.0,284.6666666666667,166
968,3,3.0,1687.0,1035000.0,6.0,241.0,170
969,3,1.5,1430.0,438000.0,4.5,260.0,44
970,2,2.0,1960.0,580000.0,4.0,392.0,44
971,4,3.5,2720.0,1395000.0,7.5,320.0,170
972,1,1.0,706.0,520000.0,2.0,235.33333333333334,88
973,3,2.0,2600.0,1525000.0,5.0,433.3333333333333,113
974,3,2.0,1900.0,965000.0,5.0,316.6666666666667,170
975,2,1.5,1580.0,1300000.0,3.5,351.1111111111111,170
976,1,1.0,1270.0,915000.0,2.0,423.3333333333333,33
977,4,2.5,2320.0,1001000.0,6.5,309.3333333333333,33
978,3,1.0,910.0,650000.0,4.0,182.0,78
979,2,2.0,878.0,675000.0,4.0,175.6,59
980,2,1.0,1915.0,725000.0,3.0,478.75,61
981,3,2.0,2462.0,1150000.0,5.0,410.3333333333333,70
982,4,3.5,2640.0,1750000.0,7.5,310.5882352941176,166
983,3,2.5,1670.0,875000.0,5.5,256.9230769230769,113
984,3,1.0,1090.0,630000.0,4.0,218.0,61
985,3,3.5,1621.0,1085000.0,6.5,216.13333333333333,61
986,4,2.0,2591.0,800000.0,6.0,370.14285714285717,78
987,2,2.0,1400.0,1295000.0,4.0,280.0,70
988,2,2.5,840.0,612500.0,4.5,152.72727272727272,100
989,4,3.5,2910.0,2325000.0,7.5,342.3529411764706,170
990,2,1.0,1410.0,590000.0,3.0,352.5,100
991,2,1.0,770.0,560000.0,3.0,192.5,78
992,3,2.0,1900.0,1299000.0,5.0,316.6666666666667,72
993,3,2.0,2760.0,1256000.0,5.0,460.0,70
994,3,2.0,1290.0,925000.0,5.0,215.0,113
995,3,2.0,1111.0,849000.0,5.0,185.16666666666666,57
996,2,2.0,850.0,889900.0,4.0,170.0,170
997,2,1.5,900.0,568000.0,3.5,200.0,73
998,6,5.0,2667.0,900000.0,11.0,222.25,109
999,2,1.5,1320.0,810000.0,3.5,293.3333333333333,88
1000,2,2.0,1370.0,500000.0,4.0,274.0,151
1001,2,1.0,1140.0,528000.0,3.0,285.0,78
1002,3,1.0,1380.0,890000.0,4.0,276.0,151
1003,3,2.0,1422.0,780000.0,5.0,237.0,151
1004,2,2.0,1065.0,430000.0,4.0,213.0,80
1005,2,3.0,2943.0,1650000.0,5.0,490.5,73
1006,3,2.0,1250.0,625000.0,5.0,208.33333333333334,78
1007,3,2.0,2390.0,1150000.0,5.0,398.3333333333333,61
1008,1,1.0,569.0,400000.0,2.0,189.66666666666666,60
1009,3,2.0,1680.0,1087500.0,5.0,280.0,72
1010,1,1.0,683.0,679000.0,2.0,227.66666666666666,23
1011,1,1.0,627.0,475000.0,2.0,209.0,59
1012,2,2.0,840.0,645000.0,4.0,168.0,88
1013,3,1.5,1880.0,749000.0,4.5,341.8181818181818,78
1014,2,2.0,881.0,550000.0,4.0,176.2,166
1015,2,1.0,850.0,778000.0,3.0,212.5,113
1016,1,1.0,525.0,375000.0,2.0,175.0,166
1017,3,1.5,2170.0,1250000.0,4.5,394.54545454545456,61
1018,2,1.0,1110.0,820000.0,3.0,277.5,78
1019,4,3.5,3930.0,2925000.0,7.5,462.3529411764706,60
1020,2,1.0,1047.0,762500.0,3.0,261.75,60
1021,1,1.0,653.0,475000.0,2.0,217.66666666666666,109
1022,3,1.5,1710.0,1000000.0,4.5,310.90909090909093,109
1023,5,3.0,2120.0,750000.0,8.0,235.55555555555554,80
1024,3,4.0,2360.0,1325000.0,7.0,295.0,170
1025,4,4.0,2250.0,1070000.0,8.0,250.0,78
1026,4,2.0,2320.0,1150000.0,6.0,331.42857142857144,170
1027,4,3.5,3490.0,1480000.0,7.5,410.5882352941176,170
1028,4,2.5,2500.0,1295000.0,6.5,333.3333333333333,151
1029,2,1.0,792.0,520000.0,3.0,198.0,60
1030,2,2.5,1490.0,855000.0,4.5,270.90909090909093,170
1031,3,2.5,1700.0,1475000.0,5.5,261.53846153846155,60
1032,2,2.0,1261.0,625000.0,4.0,252.2,78
1033,4,2.0,2440.0,1060000.0,6.0,348.57142857142856,109
1034,3,2.5,1420.0,750000.0,5.5,218.46153846153845,33
1035,3,2.0,1380.0,740000.0,5.0,230.0,109
1036,3,2.0,1111.0,849000.0,5.0,185.16666666666666,57
1037,3,1.5,1920.0,865000.0,4.5,349.09090909090907,61
1038,3,1.5,1220.0,660000.0,4.5,221.8181818181818,113
1039,3,3.0,4010.0,3050000.0,6.0,572.8571428571429,57
1040,2,2.0,1170.0,644999.0,4.0,234.0,113
1041,3,2.5,1600.0,699900.0,5.5,246.15384615384616,113
1042,1,1.0,760.0,309000.0,2.0,253.33333333333334,70
1043,2,1.5,1290.0,762500.0,3.5,286.6666666666667,113
1044,2,1.0,980.0,800000.0,3.0,245.0,57
1045,2,1.5,1022.0,660000.0,3.5,227.11111111111111,113
1046,2,1.5,1260.0,715000.0,3.5,280.0,100
1047,5,2.0,2660.0,1125000.0,7.0,332.5,60
1048,1,1.0,644.0,350000.0,2.0,214.66666666666666,109
1049,1,1.0,664.0,305000.0,2.0,221.33333333333334,60
1050,1,1.0,468.0,275000.0,2.0,156.0,61
1051,4,3.0,2680.0,2100000.0,7.0,335.0,170
1052,4,2.0,1640.0,730000.0,6.0,234.28571428571428,60
1053,3,2.0,2000.0,925000.0,5.0,333.3333333333333,170
1054,2,2.0,1523.0,639950.0,4.0,304.6,78
1055,4,3.0,2430.0,520000.0,7.0,303.75,41
1056,2,2.0,1199.0,375000.0,4.0,239.8,151
1057,4,3.0,2160.0,980000.0,7.0,270.0,78
1058,4,2.5,1354.0,485000.0,6.5,180.53333333333333,100
1059,1,1.0,738.0,490000.0,2.0,246.0,23
1060,2,2.0,1425.0,899000.0,4.0,285.0,14
1061,6,7.0,4570.0,1950000.0,13.0,326.42857142857144,73
1062,2,1.5,940.0,640000.0,3.5,208.88888888888889,113
1063,3,3.5,1710.0,699000.0,6.5,228.0,80
1064,3,2.5,1430.0,855000.0,5.5,220.0,166
1065,3,3.5,1500.0,598800.0,6.5,200.0,100
1066,3,1.5,1376.0,780000.0,4.5,250.1818181818182,83
1067,4,3.5,4002.0,2100000.0,7.5,470.8235294117647,88
1068,4,1.0,1600.0,652000.0,5.0,266.6666666666667,170
1069,1,1.0,807.0,380000.0,2.0,269.0,109
1070,5,3.0,2055.0,1100000.0,8.0,228.33333333333334,109
1071,1,1.0,647.0,377500.0,2.0,215.66666666666666,60
1072,2,2.0,940.0,579000.0,4.0,188.0,170
1073,2,1.5,1150.0,590000.0,3.5,255.55555555555554,78
1074,2,2.5,1459.0,665000.0,4.5,265.27272727272725,166
1075,4,2.5,1910.0,1625000.0,6.5,254.66666666666666,166
1076,4,3.0,2297.0,783000.0,7.0,287.125,44
1077,4,2.5,2320.0,820000.0,6.5,309.3333333333333,100
1078,5,3.5,2387.0,1125000.0,8.5,251.26315789473685,61
1079,5,3.5,3270.0,2000000.0,8.5,344.2105263157895,170
1080,3,2.5,1530.0,899999.0,5.5,235.3846153846154,80
1081,2,1.0,1150.0,845714.0,3.0,287.5,60
1082,3,2.0,1237.0,747250.0,5.0,206.16666666666666,78
1083,3,2.5,1760.0,850000.0,5.5,270.7692307692308,60
1084,1,1.0,808.0,560000.0,2.0,269.3333333333333,1
1085,2,2.0,2720.0,720000.0,4.0,544.0,113
1086,4,2.0,1345.0,962000.0,6.0,192.14285714285714,166
1087,4,3.0,2600.0,1750000.0,7.0,325.0,170
1088,3,2.0,2209.0,715000.0,5.0,368.1666666666667,170
1089,2,2.5,950.0,695000.0,4.5,172.72727272727272,83
1090,4,2.5,1530.0,675000.0,6.5,204.0,41
1091,2,1.0,830.0,942000.0,3.0,207.5,166
1092,3,2.0,1590.0,910000.0,5.0,265.0,151
1093,3,3.0,1524.0,850000.0,6.0,217.71428571428572,109
1094,4,3.0,1920.0,2095000.0,7.0,240.0,78
1095,4,2.0,2660.0,1357000.0,6.0,380.0,170
1096,3,2.0,2284.0,850000.0,5.0,380.6666666666667,60
1097,3,2.5,1604.0,760000.0,5.5,246.76923076923077,113
1098,4,4.0,2555.0,1500000.0,8.0,283.8888888888889,73
1099,3,1.5,2460.0,1150000.0,4.5,447.27272727272725,170
1100,3,2.5,2793.0,1732000.0,5.5,429.6923076923077,61
1101,2,1.5,1540.0,751000.0,3.5,342.22222222222223,78
1102,3,1.0,950.0,589000.0,4.0,190.0,78
1103,3,1.5,1720.0,426000.0,4.5,312.72727272727275,44
1104,2,2.0,1470.0,707000.0,4.0,294.0,78
1105,5,2.5,3500.0,875000.0,7.5,411.7647058823529,41
1106,2,1.5,984.0,499999.0,3.5,218.66666666666666,88
1107,3,2.5,1570.0,901000.0,5.5,241.53846153846155,166
1108,1,1.0,700.0,647201.0,2.0,233.33333333333334,109
1109,2,2.0,1188.0,450000.0,4.0,237.6,70
1110,3,2.5,2570.0,1175000.0,5.5,395.38461538461536,100
1111,3,2.5,1631.0,1049950.0,5.5,250.92307692307693,166
1112,3,2.0,1596.0,505000.0,5.0,266.0,73
1113,2,2.5,820.0,525000.0,4.5,149.0909090909091,80
1114,3,2.5,1610.0,875000.0,5.5,247.69230769230768,70
1115,1,1.0,812.0,480000.0,2.0,270.6666666666667,83
1116,3,2.0,1425.0,759999.0,5.0,237.5,151
1117,2,2.5,1086.0,884950.0,4.5,197.45454545454547,170
1118,2,2.5,1043.0,690000.0,4.5,189.63636363636363,151
1119,3,2.0,1440.0,1195000.0,5.0,240.0,70
1120,1,1.0,590.0,435000.0,2.0,196.66666666666666,78
1121,2,2.0,1152.0,1325000.0,4.0,230.4,59
1122,4,2.0,2040.0,1175000.0,6.0,291.42857142857144,57
1123,3,2.0,2092.0,2000000.0,5.0,348.6666666666667,60
1124,3,1.0,1780.0,975000.0,4.0,356.0,113
1125,3,2.5,3560.0,1575000.0,5.5,547.6923076923077,88
1126,2,2.5,1475.0,945000.0,4.5,268.1818181818182,166
1127,4,2.5,1890.0,668000.0,6.5,252.0,44
1128,4,2.0,2790.0,930000.0,6.0,398.57142857142856,80
1129,4,3.5,2600.0,2225000.0,7.5,305.88235294117646,109
1130,3,2.0,1060.0,575000.0,5.0,176.66666666666666,78
1131,3,1.0,2180.0,720000.0,4.0,436.0,78
1132,2,2.0,1761.0,665000.0,4.0,352.2,170
1133,3,2.0,1379.0,729950.0,5.0,229.83333333333334,78
1134,3,1.5,2550.0,958748.0,4.5,463.6363636363636,73
1135,4,3.5,3815.0,2895000.0,7.5,448.8235294117647,88
1136,4,2.0,2634.0,1500000.0,6.0,376.2857142857143,170
1137,1,1.0,540.0,335000.0,2.0,180.0,14
1138,3,3.5,3064.0,2450000.0,6.5,408.53333333333336,59
1139,2,1.0,860.0,565000.0,3.0,215.0,33
1140,3,2.5,1690.0,807500.0,5.5,260.0,78
1141,3,3.5,1800.0,750000.0,6.5,240.0,166
1142,2,2.0,1071.0,605000.0,4.0,214.2,70
1143,2,1.0,807.0,525000.0,3.0,201.75,166
1144,3,2.5,1350.0,899000.0,5.5,207.69230769230768,70
1145,4,2.0,2900.0,1275000.0,6.0,414.2857142857143,113
1146,3,3.0,1880.0,999950.0,6.0,268.57142857142856,83
1147,1,1.0,677.0,270000.0,2.0,225.66666666666666,170
1148,1,1.0,703.0,498000.0,2.0,234.33333333333334,166
1149,1,1.0,527.0,399000.0,2.0,175.66666666666666,109
1150,1,1.0,820.0,530000.0,2.0,273.3333333333333,100
1151,3,2.5,1360.0,700000.0,5.5,209.23076923076923,166
1152,4,3.5,2600.0,1950000.0,7.5,305.88235294117646,151
1153,4,3.5,2852.0,1715000.0,7.5,335.52941176470586,60
1154,3,3.5,1370.0,619000.0,6.5,182.66666666666666,61
1155,3,1.5,2000.0,1400000.0,4.5,363.6363636363636,57
1156,3,2.0,1096.0,849950.0,5.0,182.66666666666666,151
1157,3,3.5,3380.0,1599500.0,6.5,450.6666666666667,27
1158,3,2.5,1616.0,990000.0,5.5,248.6153846153846,88
1159,3,3.0,1620.0,1058000.0,6.0,231.42857142857142,60
1160,2,2.0,970.0,634400.0,4.0,194.0,60
1161,1,2.0,1009.0,525000.0,3.0,252.25,88
1162,3,2.0,2270.0,1550000.0,5.0,378.3333333333333,109
1163,3,1.0,1200.0,500000.0,4.0,240.0,44
1164,2,2.0,1225.0,725000.0,4.0,245.0,170
1165,2,2.0,1081.0,620000.0,4.0,216.2,113
1166,3,2.0,1380.0,775000.0,5.0,230.0,78
1167,2,1.0,1200.0,1025100.0,3.0,300.0,166
1168,2,2.0,1620.0,835000.0,4.0,324.0,166
1169,3,2.0,2950.0,1500000.0,5.0,491.6666666666667,72
1170,1,1.0,513.0,315000.0,2.0,171.0,59
1171,4,2.0,2100.0,1225000.0,6.0,300.0,88
1172,3,2.0,1705.0,910000.0,5.0,284.1666666666667,27
1173,4,4.5,3610.0,2800000.0,8.5,380.0,57
1174,3,3.5,1800.0,1050000.0,6.5,240.0,166
1175,3,1.0,2130.0,850000.0,4.0,426.0,151
1176,2,2.0,1367.0,1350000.0,4.0,273.4,59
1177,3,2.5,1730.0,800000.0,5.5,266.15384615384613,78
1178,4,3.5,4194.0,3500000.0,7.5,493.4117647058824,57
1179,9,9.0,3780.0,1210000.0,18.0,198.94736842105263,70
1180,2,2.0,1778.0,1900000.0,4.0,355.6,57
1181,3,3.0,1410.0,865000.0,6.0,201.42857142857142,83
1182,2,2.0,1088.0,475000.0,4.0,217.6,61
1183,4,1.0,1340.0,875000.0,5.0,223.33333333333334,151
1184,5,1.0,2380.0,539000.0,6.0,340.0,60
1185,3,4.5,2140.0,1835000.0,7.5,251.76470588235293,61
1186,3,2.0,2080.0,738000.0,5.0,346.6666666666667,44
1187,2,1.0,1410.0,799000.0,3.0,352.5,100
1188,1,1.0,571.0,331000.0,2.0,190.33333333333334,59
1189,4,2.5,2340.0,870000.0,6.5,312.0,78
1190,5,4.5,5210.0,3320000.0,9.5,496.1904761904762,109
1191,1,1.0,733.0,545000.0,2.0,244.33333333333334,59
1192,2,1.5,1060.0,530000.0,3.5,235.55555555555554,100
1193,2,2.5,996.0,799000.0,4.5,181.0909090909091,109
1194,4,2.0,1850.0,1200000.0,6.0,264.2857142857143,73
1195,1,1.0,690.0,560000.0,2.0,230.0,151
1196,4,2.0,2260.0,1330000.0,6.0,322.85714285714283,83
1197,4,3.5,3190.0,2130000.0,7.5,375.29411764705884,83
1198,3,2.5,1846.0,1060000.0,5.5,284.0,72
1199,3,2.0,1700.0,999999.0,5.0,283.3333333333333,100
1200,4,2.0,2240.0,795000.0,6.0,320.0,80
1201,4,2.0,1660.0,1127500.0,6.0,237.14285714285714,166
1202,2,3.0,1780.0,720000.0,5.0,296.6666666666667,61
1203,4,3.5,2270.0,710000.0,7.5,267.05882352941177,41
1204,1,1.0,603.0,432000.0,2.0,201.0,59
1205,3,3.5,2024.0,1200000.0,6.5,269.8666666666667,83
1206,2,2.5,1103.0,780000.0,4.5,200.54545454545453,83
1207,3,1.0,1460.0,880000.0,4.0,292.0,170
1208,6,7.0,4260.0,2300000.0,13.0,304.2857142857143,70
1209,3,2.5,1660.0,816750.0,5.5,255.3846153846154,109
1210,3,1.5,1350.0,750000.0,4.5,245.45454545454547,83
1211,4,3.0,2949.0,1610000.0,7.0,368.625,166
1212,3,2.5,1718.0,900000.0,5.5,264.3076923076923,151
1213,2,1.0,1370.0,1000000.0,3.0,342.5,70
1214,4,2.5,1822.0,1033000.0,6.5,242.93333333333334,72
1215,2,1.0,800.0,690000.0,3.0,200.0,166
1216,1,1.0,718.0,459000.0,2.0,239.33333333333334,70
1217,2,2.0,909.0,420000.0,4.0,181.8,166
1218,2,1.0,903.0,312500.0,3.0,225.75,41
1219,2,2.0,1297.0,880000.0,4.0,259.4,61
1220,3,2.0,2140.0,925000.0,5.0,356.6666666666667,61
1221,4,5.0,2970.0,1450000.0,9.0,297.0,78
1222,2,2.0,900.0,590000.0,4.0,180.0,109
1223,2,2.0,2600.0,750000.0,4.0,520.0,109
1224,2,1.0,1180.0,419000.0,3.0,295.0,78
1225,1,1.0,564.0,602000.0,2.0,188.0,166
1226,4,2.0,1700.0,891000.0,6.0,242.85714285714286,78
1227,3,3.0,1524.0,875000.0,6.0,217.71428571428572,109
1228,3,3.0,1410.0,1200000.0,6.0,201.42857142857142,166
1229,1,1.0,831.0,480000.0,2.0,277.0,60
1230,5,3.0,3060.0,889000.0,8.0,340.0,100
1231,2,2.0,1213.0,422000.0,4.0,242.6,151
1232,4,2.0,2352.0,1295000.0,6.0,336.0,83
1233,1,1.0,534.0,223000.0,2.0,178.0,44
1234,2,1.0,724.0,530000.0,3.0,181.0,60
1235,4,3.5,2304.0,1550000.0,7.5,271.05882352941177,166
1236,3,1.0,1450.0,1125000.0,4.0,290.0,170
1237,2,1.0,980.0,475000.0,3.0,245.0,44
1238,2,1.5,1550.0,1550000.0,3.5,344.44444444444446,57
1239,1,1.0,704.0,645000.0,2.0,234.66666666666666,113
1240,1,1.5,1425.0,2200000.0,2.5,407.14285714285717,60
1241,1,1.0,794.0,516000.0,2.0,264.6666666666667,23
1242,5,3.5,4060.0,2888000.0,8.5,427.36842105263156,88
1243,2,2.0,979.0,470000.0,4.0,195.8,72
1244,4,2.0,1830.0,950000.0,6.0,261.42857142857144,60
1245,2,1.0,1260.0,626000.0,3.0,315.0,61
1246,2,1.0,1027.0,300000.0,3.0,256.75,170
1247,5,2.0,3210.0,688000.0,7.0,401.25,170
1248,2,1.0,968.0,399950.0,3.0,242.0,170
1249,3,2.0,1049.0,900000.0,5.0,174.83333333333334,57
1250,2,1.5,1054.0,709000.0,3.5,234.22222222222223,61
1251,2,2.0,1586.0,1460000.0,4.0,317.2,23
1252,4,2.0,1760.0,999950.0,6.0,251.42857142857142,170
1253,2,1.0,860.0,480000.0,3.0,215.0,44
1254,4,2.5,1560.0,1110000.0,6.5,208.0,113
1255,4,3.0,3110.0,1500000.0,7.0,388.75,70
1256,3,2.0,1440.0,935000.0,5.0,240.0,170
1257,3,2.0,1500.0,770000.0,5.0,250.0,60
1258,3,1.5,2160.0,915000.0,4.5,392.72727272727275,151
1259,4,5.5,3100.0,1375000.0,9.5,295.23809523809524,78
1260,1,1.0,522.0,325000.0,2.0,174.0,83
1261,3,2.0,1560.0,920000.0,5.0,260.0,151
1262,3,3.0,3400.0,1150000.0,6.0,485.7142857142857,60
1263,2,2.0,1761.0,665000.0,4.0,352.2,170
1264,2,1.5,1076.0,549000.0,3.5,239.11111111111111,78
1265,2,2.0,1217.0,787950.0,4.0,243.4,72
1266,3,3.5,1450.0,670000.0,6.5,193.33333333333334,80
1267,2,1.0,1000.0,750000.0,3.0,250.0,57
1268,2,2.5,1124.0,799950.0,4.5,204.36363636363637,170
1269,4,3.5,3070.0,1900000.0,7.5,361.1764705882353,113
1270,1,1.0,480.0,275000.0,2.0,160.0,61
1271,3,2.0,1860.0,1165000.0,5.0,310.0,73
1272,2,1.0,740.0,500000.0,3.0,185.0,80
1273,3,2.0,1440.0,830000.0,5.0,240.0,61
1274,1,1.0,758.0,469000.0,2.0,252.66666666666666,166
1275,3,1.0,1340.0,765000.0,4.0,268.0,151
1276,3,3.0,1700.0,1275000.0,6.0,242.85714285714286,60
1277,4,3.5,2950.0,1800000.0,7.5,347.05882352941177,73
1278,1,1.0,616.0,374000.0,2.0,205.33333333333334,60
1279,3,2.5,4240.0,2725000.0,5.5,652.3076923076923,88
1280,4,3.5,3495.0,2000000.0,7.5,411.1764705882353,113
1281,3,3.0,2560.0,1300000.0,6.0,365.7142857142857,57
1282,3,3.0,2040.0,1000000.0,6.0,291.42857142857144,151
1283,3,1.0,890.0,575000.0,4.0,178.0,80
1284,3,1.5,1730.0,870000.0,4.5,314.54545454545456,170
1285,1,1.0,816.0,560000.0,2.0,272.0,61
1286,4,2.0,2400.0,900000.0,6.0,342.85714285714283,27
1287,3,2.5,1270.0,675000.0,5.5,195.3846153846154,113
1288,4,3.0,1830.0,1352000.0,7.0,228.75,83
1289,3,2.5,2470.0,800000.0,5.5,380.0,80
1290,4,4.0,2300.0,1210000.0,8.0,255.55555555555554,170
1291,4,2.5,1600.0,699000.0,6.5,213.33333333333334,73
1292,1,1.0,510.0,308000.0,2.0,170.0,14
1293,2,2.0,1387.0,649000.0,4.0,277.4,88
1294,3,2.5,2230.0,555000.0,5.5,343.0769230769231,44
1295,1,1.0,956.0,870000.0,2.0,318.6666666666667,14
1296,3,3.0,1872.0,1050000.0,6.0,267.42857142857144,83
1297,4,5.0,2030.0,700000.0,9.0,203.0,78
1298,4,2.0,1980.0,785000.0,6.0,282.85714285714283,60
1299,3,3.0,1180.0,729000.0,6.0,168.57142857142858,88
1300,4,2.5,2630.0,1340000.0,6.5,350.6666666666667,109
1301,4,2.0,2010.0,1100000.0,6.0,287.14285714285717,170
1302,4,3.5,3487.0,2010000.0,7.5,410.2352941176471,60
1303,4,2.0,2570.0,850000.0,6.0,367.14285714285717,57
1304,2,2.0,1440.0,390000.0,4.0,288.0,44
1305,2,2.0,1131.0,470000.0,4.0,226.2,166
1306,2,1.0,1440.0,675000.0,3.0,360.0,61
1307,3,3.5,2010.0,1111111.0,6.5,268.0,151
1308,2,3.0,1073.0,429900.0,5.0,178.83333333333334,61
1309,4,3.5,3300.0,1575000.0,7.5,388.2352941176471,78
1310,4,2.0,3040.0,1665500.0,6.0,434.2857142857143,72
1311,4,2.5,2500.0,577000.0,6.5,333.3333333333333,41
1312,4,1.0,1810.0,655500.0,5.0,301.6666666666667,80
1313,2,2.0,1878.0,1171600.0,4.0,375.6,70
1314,3,2.0,1411.0,699000.0,5.0,235.16666666666666,14
1315,3,1.0,3960.0,722500.0,4.0,792.0,100
1316,3,1.0,1000.0,750000.0,4.0,200.0,60
1317,5,2.0,2300.0,1266000.0,7.0,287.5,73
1318,2,2.5,890.0,510000.0,4.5,161.8181818181818,41
1319,5,3.0,2820.0,1550000.0,8.0,313.3333333333333,151
1320,3,1.0,1620.0,600000.0,4.0,324.0,100
1321,3,2.0,1470.0,875000.0,5.0,245.0,60
1322,2,2.5,1088.0,475000.0,4.5,197.8181818181818,61
1323,5,2.0,2160.0,795000.0,7.0,270.0,78
1324,3,3.5,3105.0,2250000.0,6.5,414.0,57
1325,2,2.0,1200.0,699950.0,4.0,240.0,109
1326,2,2.0,1240.0,710000.0,4.0,248.0,151
1327,3,2.5,1550.0,1065000.0,5.5,238.46153846153845,109
1328,7,4.0,2300.0,1095000.0,11.0,191.66666666666666,109
1329,4,3.0,2466.0,1299000.0,7.0,308.25,170
1330,2,2.0,1817.0,2100000.0,4.0,363.4,60
1331,4,3.0,1500.0,1155000.0,7.0,187.5,109
1332,4,2.0,2380.0,525000.0,6.0,340.0,113
1333,2,2.0,1524.0,710000.0,4.0,304.8,33
1334,3,2.5,1370.0,699500.0,5.5,210.76923076923077,151
1335,3,2.0,1449.0,720000.0,5.0,241.5,83
1336,2,2.0,1140.0,850000.0,4.0,228.0,166
1337,3,2.5,1010.0,615000.0,5.5,155.3846153846154,100
1338,9,5.0,3014.0,835000.0,14.0,200.93333333333334,44
1339,3,3.5,1450.0,580000.0,6.5,193.33333333333334,100
1340,2,2.0,1248.0,890955.0,4.0,249.6,109
1341,4,2.0,2600.0,1098500.0,6.0,371.42857142857144,151
1342,3,2.0,1328.0,929950.0,5.0,221.33333333333334,166
1343,1,1.0,614.0,369950.0,2.0,204.66666666666666,61
1344,4,3.0,2481.0,999000.0,7.0,310.125,170
1345,4,1.0,1420.0,445000.0,5.0,236.66666666666666,44
1346,4,3.0,2040.0,1410000.0,7.0,255.0,151
1347,3,3.0,1390.0,1095000.0,6.0,198.57142857142858,80
1348,2,3.0,920.0,690000.0,5.0,153.33333333333334,83
1349,4,3.5,1835.0,1299950.0,7.5,215.88235294117646,166
1350,4,2.0,1840.0,825000.0,6.0,262.85714285714283,166
1351,3,2.5,3020.0,1450000.0,5.5,464.61538461538464,27
1352,3,2.0,2520.0,1050000.0,5.0,420.0,170
1353,4,5.0,2240.0,965000.0,9.0,224.0,33
1354,3,3.5,1644.0,820000.0,6.5,219.2,57
1355,3,2.5,1880.0,725000.0,5.5,289.2307692307692,78
1356,2,2.0,995.0,850000.0,4.0,199.0,113
1357,1,1.0,568.0,330000.0,2.0,189.33333333333334,14
1358,2,3.0,1226.0,589990.0,5.0,204.33333333333334,113
1359,2,1.0,730.0,25000000.0,3.0,182.5,73
1360,4,2.0,1500.0,947000.0,6.0,214.28571428571428,61
1361,3,2.0,2080.0,800000.0,5.0,346.6666666666667,33
1362,3,3.0,1425.0,819950.0,6.0,203.57142857142858,27
1363,4,2.5,3840.0,2195000.0,6.5,512.0,27
1364,4,3.0,2074.0,812500.0,7.0,259.25,80
1365,5,3.0,3556.0,2250000.0,8.0,395.1111111111111,170
1366,1,1.0,1100.0,745000.0,2.0,366.6666666666667,83
1367,2,1.0,730.0,545000.0,3.0,182.5,78
1368,4,2.0,1170.0,390000.0,6.0,167.14285714285714,44
1369,4,3.0,2240.0,625000.0,7.0,280.0,100
1370,4,2.0,1750.0,855000.0,6.0,250.0,170
1371,2,2.0,1695.0,1150000.0,4.0,339.0,80
1372,5,3.0,2480.0,1135000.0,8.0,275.55555555555554,151
1373,4,2.5,1420.0,760000.0,6.5,189.33333333333334,166
1374,2,1.0,990.0,474000.0,3.0,247.5,61
1375,2,1.0,1520.0,820000.0,3.0,380.0,151
1376,5,2.0,2100.0,599950.0,7.0,262.5,33
1377,3,3.0,1740.0,1010000.0,6.0,248.57142857142858,60
1378,2,2.0,1760.0,750000.0,4.0,352.0,33
1379,2,2.0,1021.0,981250.0,4.0,204.2,23
1380,4,3.5,3018.0,1795000.0,7.5,355.05882352941177,166
1381,2,1.5,1024.0,495000.0,3.5,227.55555555555554,170
1382,1,1.0,945.0,385000.0,2.0,315.0,61
1383,2,1.0,2380.0,640000.0,3.0,595.0,33
1384,5,5.0,3810.0,1180000.0,10.0,346.3636363636364,27
1385,2,2.5,1048.0,899000.0,4.5,190.54545454545453,57
1386,3,1.5,1610.0,1106000.0,4.5,292.72727272727275,109
1387,1,1.0,701.0,315000.0,2.0,233.66666666666666,170
1388,4,2.5,2213.0,1075000.0,6.5,295.06666666666666,83
1389,2,2.0,1071.0,719000.0,4.0,214.2,70
1390,2,1.0,850.0,813000.0,3.0,212.5,83
1391,3,3.0,1280.0,900000.0,6.0,182.85714285714286,166
1392,3,1.0,980.0,700000.0,4.0,196.0,70
1393,4,3.5,3840.0,1250000.0,7.5,451.7647058823529,100
1394,2,2.0,1006.0,650000.0,4.0,201.2,57
1395,4,2.0,1450.0,1185000.0,6.0,207.14285714285714,61
1396,4,2.0,2140.0,960000.0,6.0,305.7142857142857,60
1397,4,3.0,2480.0,1605000.0,7.0,310.0,166
1398,5,2.0,2420.0,960000.0,7.0,302.5,151
1399,3,4.5,1760.0,1440000.0,7.5,207.05882352941177,61
1400,2,2.0,1170.0,624999.0,4.0,234.0,113
1401,3,2.0,1730.0,910000.0,5.0,288.3333333333333,78
1402,1,1.0,376.0,1000000.0,2.0,125.33333333333333,72
1403,1,1.0,636.0,450000.0,2.0,212.0,60
1404,3,2.0,1940.0,895000.0,5.0,323.3333333333333,83
1405,4,2.5,3400.0,2100000.0,6.5,453.3333333333333,57
1406,3,2.0,1360.0,830000.0,5.0,226.66666666666666,78
1407,2,2.0,875.0,656500.0,4.0,175.0,88
1408,6,2.0,2230.0,700000.0,8.0,247.77777777777777,100
1409,5,2.0,4190.0,2300000.0,7.0,523.75,70
1410,3,2.5,2220.0,1167500.0,5.5,341.53846153846155,151
1411,2,1.0,830.0,450000.0,3.0,207.5,151
1412,3,2.5,2090.0,820000.0,5.5,321.53846153846155,33
1413,3,1.0,1210.0,795000.0,4.0,242.0,70
1414,2,1.0,691.0,998000.0,3.0,172.75,60
1415,3,2.5,1820.0,690000.0,5.5,280.0,100
1416,4,2.5,3105.0,1040000.0,6.5,414.0,170
1417,4,2.0,1680.0,517500.0,6.0,240.0,44
1418,3,2.0,2495.0,1250000.0,5.0,415.8333333333333,73
1419,5,3.0,2450.0,1270000.0,8.0,272.22222222222223,113
1420,4,2.0,2787.0,1207000.0,6.0,398.14285714285717,109
1421,5,3.5,3310.0,1637500.0,8.5,348.42105263157896,60
1422,2,2.0,1699.0,640000.0,4.0,339.8,61
1423,5,4.0,3180.0,2100000.0,9.0,318.0,73
1424,5,2.5,3350.0,1275000.0,7.5,394.11764705882354,80
1425,2,2.0,1365.0,799000.0,4.0,273.0,109
1426,3,3.0,1660.0,1200000.0,6.0,237.14285714285714,151
1427,3,1.5,1880.0,489000.0,4.5,341.8181818181818,100
1428,1,1.0,580.0,395000.0,2.0,193.33333333333334,60
1429,3,2.0,1270.0,590000.0,5.0,211.66666666666666,41
1430,3,1.0,860.0,699000.0,4.0,172.0,78
1431,1,1.0,580.0,475000.0,2.0,193.33333333333334,109
1432,3,3.5,1840.0,1025000.0,6.5,245.33333333333334,151
1433,1,1.0,615.0,315000.0,2.0,205.0,72
1434,5,3.0,2140.0,850000.0,8.0,237.77777777777777,78
1435,2,2.0,1437.0,969950.0,4.0,287.4,109
1436,2,1.5,1390.0,759950.0,3.5,308.8888888888889,83
1437,2,1.5,870.0,700000.0,3.5,193.33333333333334,170
1438,5,4.5,2840.0,500000.0,9.5,270.4761904761905,57
1439,3,2.0,2260.0,877000.0,5.0,376.6666666666667,83
1440,2,2.0,886.0,660000.0,4.0,177.2,88
1441,1,1.0,505.0,325000.0,2.0,168.33333333333334,60
1442,2,1.0,1048.0,760000.0,3.0,262.0,59
1443,4,2.0,1800.0,1100000.0,6.0,257.14285714285717,151
1444,2,2.0,1390.0,954500.0,4.0,278.0,88
1445,3,2.5,2600.0,1475000.0,5.5,400.0,60
1446,4,2.0,2640.0,780000.0,6.0,377.14285714285717,44
1447,2,1.5,1020.0,765000.0,3.5,226.66666666666666,60
1448,3,3.0,2630.0,1130000.0,6.0,375.7142857142857,170
1449,4,3.5,2910.0,1865000.0,7.5,342.3529411764706,113
1450,3,2.0,1580.0,1000000.0,5.0,263.3333333333333,88
1451,2,1.0,885.0,389000.0,3.0,221.25,73
1452,3,2.0,2100.0,1325000.0,5.0,350.0,88
1453,4,2.0,2010.0,1250000.0,6.0,287.14285714285717,73
1454,4,2.0,1480.0,830000.0,6.0,211.42857142857142,80
1455,3,2.0,1560.0,1180000.0,5.0,260.0,151
1456,1,1.0,889.0,648888.0,2.0,296.3333333333333,59
1457,1,1.0,664.0,322000.0,2.0,221.33333333333334,60
1458,2,2.0,804.0,465600.0,4.0,160.8,83
1459,4,2.0,2080.0,975000.0,6.0,297.14285714285717,73
1460,2,1.0,910.0,800000.0,3.0,227.5,151
1461,3,2.5,1620.0,875100.0,5.5,249.23076923076923,78
1462,3,3.5,1970.0,868500.0,6.5,262.6666666666667,73
1463,3,2.0,1720.0,869000.0,5.0,286.6666666666667,88
1464,4,2.0,1545.0,1253000.0,6.0,220.71428571428572,166
1465,3,2.5,1710.0,1190000.0,5.5,263.0769230769231,170
1466,1,2.0,1141.0,699950.0,3.0,285.25,109
1467,2,3.0,1276.0,520000.0,5.0,212.66666666666666,78
1468,2,1.5,1978.0,858000.0,3.5,439.55555555555554,100
1469,2,1.0,1060.0,700000.0,3.0,265.0,78
1470,5,3.5,3220.0,820000.0,8.5,338.94736842105266,166
1471,4,2.0,1170.0,530000.0,6.0,167.14285714285714,44
1472,3,2.0,1770.0,660000.0,5.0,295.0,100
1473,2,2.0,1420.0,690000.0,4.0,284.0,83
1474,4,2.5,2980.0,1445000.0,6.5,397.3333333333333,78
1475,4,1.5,1630.0,734950.0,5.5,250.76923076923077,61
1476,1,1.0,743.0,522250.0,2.0,247.66666666666666,60
1477,2,1.0,680.0,625000.0,3.0,170.0,78
1478,2,1.0,900.0,409050.0,3.0,225.0,44
1479,1,1.0,635.0,380000.0,2.0,211.66666666666666,59
1480,5,3.5,3400.0,3340000.0,8.5,357.89473684210526,61
1481,3,2.0,1300.0,735000.0,5.0,216.66666666666666,166
1482,2,2.0,1094.0,675000.0,4.0,218.8,109
1483,3,2.5,1763.0,1125000.0,5.5,271.2307692307692,151
1484,2,1.0,940.0,550000.0,3.0,235.0,100
1485,3,2.5,1820.0,990000.0,5.5,280.0,166
1486,1,1.0,650.0,468000.0,2.0,216.66666666666666,59
1487,2,2.0,1200.0,705000.0,4.0,240.0,109
1488,3,2.0,1939.0,1070000.0,5.0,323.1666666666667,61
1489,4,2.0,1780.0,1181500.0,6.0,254.28571428571428,151
1490,3,2.0,2370.0,1180000.0,5.0,395.0,70
1491,2,2.5,1411.0,830000.0,4.5,256.54545454545456,151
1492,2,1.0,512.0,312000.0,3.0,128.0,166
1493,4,2.5,2360.0,1750000.0,6.5,314.6666666666667,72
1494,3,2.0,2630.0,1290000.0,5.0,438.3333333333333,151
1495,5,3.0,2700.0,1025000.0,8.0,300.0,70
1496,1,1.0,605.0,370000.0,2.0,201.66666666666666,166
1497,2,1.0,767.0,349950.0,3.0,191.75,60
1498,2,1.0,1015.0,650000.0,3.0,253.75,60
1499,2,2.0,1245.0,330000.0,4.0,249.0,44
1500,1,1.0,513.0,315000.0,2.0,171.0,59
1501,1,1.0,780.0,500000.0,2.0,260.0,78
1502,4,3.0,2050.0,920000.0,7.0,256.25,60
1503,2,2.0,1060.0,650000.0,4.0,212.0,151
1504,2,2.0,950.0,705000.0,4.0,190.0,151
1505,3,1.5,1870.0,500000.0,4.5,340.0,44
1506,3,2.5,1060.0,765000.0,5.5,163.07692307692307,151
1507,3,2.5,1860.0,1025000.0,5.5,286.15384615384613,166
1508,3,1.5,1420.0,980000.0,4.5,258.1818181818182,151
1509,3,1.0,1390.0,850000.0,4.0,278.0,113
1510,3,2.0,1096.0,874500.0,5.0,182.66666666666666,151
1511,3,1.0,1100.0,468000.0,4.0,220.0,78
1512,3,1.0,1010.0,475000.0,4.0,202.0,44
1513,3,3.5,1730.0,975000.0,6.5,230.66666666666666,151
1514,2,1.5,1480.0,948800.0,3.5,328.8888888888889,100
1515,3,2.0,1890.0,700000.0,5.0,315.0,78
1516,4,2.0,2500.0,972500.0,6.0,357.14285714285717,113
1517,4,3.5,2840.0,925000.0,7.5,334.11764705882354,33
1518,3,2.0,1608.0,732000.0,5.0,268.0,166
1519,2,2.5,1701.0,1354000.0,4.5,309.27272727272725,57
1520,1,1.0,376.0,1000000.0,2.0,125.33333333333333,72
1521,1,2.0,1250.0,160000.0,3.0,312.5,88
1522,3,2.5,1790.0,1050000.0,5.5,275.38461538461536,151
1523,4,2.0,1670.0,650000.0,6.0,238.57142857142858,78
1524,3,2.0,1640.0,900000.0,5.0,273.3333333333333,60
1525,4,4.5,3228.0,2050000.0,8.5,339.7894736842105,70
1526,4,2.0,1720.0,705000.0,6.0,245.71428571428572,100
1527,4,2.0,2060.0,575000.0,6.0,294.2857142857143,44
1528,3,2.0,1840.0,865000.0,5.0,306.6666666666667,170
1529,4,3.5,3180.0,2485000.0,7.5,374.11764705882354,109
1530,3,3.0,1760.0,670000.0,6.0,251.42857142857142,78
1531,2,1.0,1350.0,799950.0,3.0,337.5,170
1532,2,2.0,1403.0,480000.0,4.0,280.6,78
1533,3,2.0,1740.0,1310000.0,5.0,290.0,72
1534,3,2.0,1490.0,900000.0,5.0,248.33333333333334,83
1535,3,3.0,2380.0,1385000.0,6.0,340.0,72
1536,1,1.0,815.0,465000.0,2.0,271.6666666666667,59
1537,4,3.5,2900.0,1337000.0,7.5,341.1764705882353,78
1538,5,3.0,2370.0,800000.0,8.0,263.3333333333333,100
1539,4,1.0,2470.0,770000.0,5.0,411.6666666666667,44
1540,4,1.0,1740.0,925000.0,5.0,290.0,70
1541,1,1.0,690.0,290000.0,2.0,230.0,61
1542,5,3.5,2610.0,915000.0,8.5,274.7368421052632,100
1543,4,3.5,2015.0,1240000.0,7.5,237.05882352941177,88
1544,5,3.5,3880.0,2975000.0,8.5,408.42105263157896,57
1545,4,2.0,2280.0,625000.0,6.0,325.7142857142857,44
1546,4,3.0,2570.0,1555000.0,7.0,321.25,73
1547,5,2.0,2740.0,1175000.0,7.0,342.5,166
1548,2,2.0,1469.0,900000.0,4.0,293.8,170
1549,3,2.5,2860.0,1630000.0,5.5,440.0,80
1550,2,2.0,1479.0,640000.0,4.0,295.8,88
1551,5,4.5,3370.0,1975000.0,9.5,320.95238095238096,151
1552,3,1.0,1300.0,1000000.0,4.0,260.0,61
1553,2,1.0,780.0,675000.0,3.0,195.0,100
1554,5,6.0,6990.0,1880000.0,11.0,582.5,166
1555,2,2.5,867.0,679000.0,4.5,157.63636363636363,170
1556,2,2.0,1217.0,787950.0,4.0,243.4,72
1557,3,2.5,2120.0,1365000.0,5.5,326.15384615384613,109
1558,2,2.0,1042.0,639000.0,4.0,208.4,23
1559,2,2.0,1163.0,648800.0,4.0,232.6,151
1560,3,3.5,1580.0,760000.0,6.5,210.66666666666666,113
1561,3,2.0,1740.0,1070000.0,5.0,290.0,170
1562,4,3.0,1810.0,1118000.0,7.0,226.25,88
1563,1,1.0,1186.0,665000.0,2.0,395.3333333333333,61
1564,3,1.0,1177.0,650000.0,4.0,235.4,80
1565,2,1.5,770.0,550000.0,3.5,171.11111111111111,88
1566,4,2.0,1870.0,1040000.0,6.0,267.14285714285717,72
1567,1,1.0,696.0,305000.0,2.0,232.0,170
1568,3,2.5,1380.0,523750.0,5.5,212.30769230769232,80
1569,2,1.0,1650.0,630000.0,3.0,412.5,78
1570,3,2.0,1640.0,700000.0,5.0,273.3333333333333,78
1571,3,3.5,1360.0,700000.0,6.5,181.33333333333334,166
1572,3,1.0,970.0,625000.0,4.0,194.0,27
1573,1,1.0,490.0,250000.0,2.0,163.33333333333334,14
1574,5,2.0,2180.0,950000.0,7.0,272.5,109
1575,4,3.5,2970.0,2080000.0,7.5,349.4117647058824,166
1576,4,2.0,2340.0,1800000.0,6.0,334.2857142857143,166
1577,3,3.0,1420.0,950000.0,6.0,202.85714285714286,170
1578,3,2.5,1520.0,818000.0,5.5,233.84615384615384,33
1579,2,2.0,1242.0,769950.0,4.0,248.4,109
1580,4,3.0,3410.0,1850000.0,7.0,426.25,113
1581,4,1.0,1150.0,575000.0,5.0,191.66666666666666,100
1582,1,1.0,691.0,321000.0,2.0,230.33333333333334,170
1583,3,2.0,1170.0,740000.0,5.0,195.0,113
1584,3,2.0,1360.0,850000.0,5.0,226.66666666666666,78
1585,2,2.0,1200.0,620000.0,4.0,240.0,78
1586,4,2.0,2680.0,950000.0,6.0,382.85714285714283,27
1587,2,1.0,670.0,510000.0,3.0,167.5,80
1588,1,1.0,545.0,350000.0,2.0,181.66666666666666,109
1589,3,3.5,1240.0,690000.0,6.5,165.33333333333334,88
1590,1,1.0,700.0,300000.0,2.0,233.33333333333334,61
1591,4,3.0,2940.0,1250000.0,7.0,367.5,80
1592,2,2.0,1187.0,750000.0,4.0,237.4,170
1593,4,2.0,1488.0,750000.0,6.0,212.57142857142858,170
1594,3,1.0,970.0,515000.0,4.0,194.0,41
1595,3,2.5,1681.0,610000.0,5.5,258.61538461538464,80
1596,2,2.0,1144.0,769950.0,4.0,228.8,83
1597,4,3.5,2860.0,1657500.0,7.5,336.47058823529414,72
1598,1,1.0,773.0,425000.0,2.0,257.6666666666667,60
1599,3,2.5,3100.0,2610000.0,5.5,476.9230769230769,57
1600,4,3.5,2400.0,1750000.0,7.5,282.3529411764706,166
1601,3,2.5,2920.0,985000.0,5.5,449.2307692307692,61
1602,2,1.0,876.0,550000.0,3.0,219.0,88
1603,5,3.0,3450.0,1981000.0,8.0,383.3333333333333,61
1604,3,2.5,1330.0,819999.0,5.5,204.6153846153846,83
1605,4,3.5,2440.0,1185000.0,7.5,287.05882352941177,78
1606,3,3.5,1580.0,950000.0,6.5,210.66666666666666,113
1607,3,2.0,2299.0,1435000.0,5.0,383.1666666666667,72
1608,1,1.0,594.0,360000.0,2.0,198.0,166
1609,1,1.0,475.0,385000.0,2.0,158.33333333333334,59
1610,5,3.0,2360.0,1240000.0,8.0,262.22222222222223,166
1611,4,3.0,1780.0,1184000.0,7.0,222.5,151
1612,3,2.0,2250.0,2080000.0,5.0,375.0,73
1613,2,2.0,1073.0,429900.0,4.0,214.6,61
1614,5,3.0,1900.0,895000.0,8.0,211.11111111111111,100
1615,5,2.5,3090.0,1600000.0,7.5,363.52941176470586,73
1616,5,6.5,6240.0,3122000.0,11.5,499.2,170
1617,1,1.0,573.0,310000.0,2.0,191.0,59
1618,2,1.0,770.0,640000.0,3.0,192.5,170
1619,1,1.0,820.0,590000.0,2.0,273.3333333333333,59
1620,3,2.0,1622.0,692950.0,5.0,270.3333333333333,78
1621,2,1.0,1210.0,725000.0,3.0,302.5,113
1622,3,1.5,1240.0,850000.0,4.5,225.45454545454547,151
1623,3,3.0,2080.0,762000.0,6.0,297.14285714285717,33
1624,2,2.0,875.0,625000.0,4.0,175.0,88
1625,1,1.0,597.0,360000.0,2.0,199.0,61
1626,2,2.0,1370.0,280000.0,4.0,274.0,44
1627,4,2.0,2425.0,1295000.0,6.0,346.42857142857144,73
1628,4,2.5,1760.0,925000.0,6.5,234.66666666666666,113
1629,2,2.5,994.0,670000.0,4.5,180.72727272727272,60
1630,1,1.0,515.0,387000.0,2.0,171.66666666666666,61
1631,3,3.5,1660.0,765000.0,6.5,221.33333333333334,113
1632,4,2.0,1730.0,875000.0,6.0,247.14285714285714,80
1633,5,3.0,1790.0,964000.0,8.0,198.88888888888889,78
1634,1,1.0,715.0,500000.0,2.0,238.33333333333334,61
1635,2,2.0,1470.0,718000.0,4.0,294.0,80
1636,3,2.0,2440.0,1000000.0,5.0,406.6666666666667,166
1637,4,2.0,2880.0,1485000.0,6.0,411.42857142857144,166
1638,3,2.0,1678.0,1160000.0,5.0,279.6666666666667,166
1639,3,2.0,1400.0,780000.0,5.0,233.33333333333334,151
1640,6,4.5,5200.0,3050000.0,10.5,452.17391304347825,113
1641,1,1.0,806.0,525000.0,2.0,268.6666666666667,60
1642,4,3.0,2311.0,1211000.0,7.0,288.875,170
1643,3,1.5,1060.0,535000.0,4.5,192.72727272727272,44
1644,2,1.0,1150.0,575000.0,3.0,287.5,100
1645,5,3.0,2580.0,1500000.0,8.0,286.6666666666667,61
1646,4,3.5,3240.0,2675000.0,7.5,381.1764705882353,73
1647,5,3.5,3710.0,2525000.0,8.5,390.5263157894737,72
1648,4,3.5,1632.0,825000.0,7.5,192.0,60
1649,6,7.0,4641.0,1850000.0,13.0,331.5,57
1650,3,3.5,1846.0,1170000.0,6.5,246.13333333333333,83
1651,2,2.0,1353.0,770000.0,4.0,270.6,170
1652,3,2.0,1240.0,705000.0,5.0,206.66666666666666,151
1653,2,1.0,1760.0,550000.0,3.0,440.0,80
1654,2,3.0,1290.0,845000.0,5.0,215.0,72
1655,1,1.5,1285.0,1250000.0,2.5,367.14285714285717,59
1656,4,2.5,3707.0,2100000.0,6.5,494.26666666666665,27
1657,3,2.0,1120.0,600000.0,5.0,186.66666666666666,78
1658,6,5.0,3300.0,3598950.0,11.0,275.0,73
1659,3,2.0,2160.0,825000.0,5.0,360.0,170
1660,2,1.0,1440.0,488000.0,3.0,360.0,41
1661,5,2.0,2567.0,1550000.0,7.0,320.875,113
1662,3,2.0,1960.0,865000.0,5.0,326.6666666666667,166
1663,3,3.5,1657.0,847198.0,6.5,220.93333333333334,113
1664,5,3.0,2610.0,1795000.0,8.0,290.0,61
1665,2,2.0,1213.0,800000.0,4.0,242.6,88
1666,1,1.0,777.0,244950.0,2.0,259.0,41
1667,3,3.5,1590.0,899000.0,6.5,212.0,113
1668,2,2.0,1893.0,727000.0,4.0,378.6,170
1669,3,1.5,1570.0,975000.0,4.5,285.45454545454544,151
1670,4,3.0,2440.0,1850000.0,7.0,305.0,72
1671,4,4.0,3463.0,2050000.0,8.0,384.77777777777777,57
1672,2,4.5,1840.0,1049000.0,6.5,245.33333333333334,166
1673,2,2.0,1554.0,660000.0,4.0,310.8,170
1674,1,1.0,567.0,451000.0,2.0,189.0,113
1675,1,1.0,665.0,479425.0,2.0,221.66666666666666,61
1676,2,1.0,950.0,337000.0,3.0,237.5,113
1677,2,2.0,1371.0,1295000.0,4.0,274.2,88
1678,3,2.0,2040.0,695000.0,5.0,340.0,113
1679,4,2.5,2780.0,1530000.0,6.5,370.6666666666667,60
1680,5,3.5,3410.0,1725000.0,8.5,358.94736842105266,170
1681,2,1.5,2280.0,650000.0,3.5,506.6666666666667,113
1682,3,2.0,2100.0,510000.0,5.0,350.0,44
1683,2,2.0,1101.0,780000.0,4.0,220.2,170
1684,4,3.5,1964.0,1180000.0,7.5,231.05882352941177,170
1685,3,1.5,1030.0,739000.0,4.5,187.27272727272728,78
1686,2,2.0,1042.0,630000.0,4.0,208.4,113
1687,3,3.5,1740.0,1020000.0,6.5,232.0,166
1688,1,2.0,1302.0,740000.0,3.0,325.5,59
1689,2,2.0,905.0,670000.0,4.0,181.0,59
1690,1,1.0,460.0,1250000.0,2.0,153.33333333333334,33
1691,3,2.0,1540.0,900000.0,5.0,256.6666666666667,109
1692,1,1.0,656.0,470000.0,2.0,218.66666666666666,61
1693,5,2.0,2800.0,1200000.0,7.0,350.0,166
1694,3,3.5,2480.0,1500000.0,6.5,330.6666666666667,109
1695,5,3.0,2170.0,740000.0,8.0,241.11111111111111,44
1696,5,4.0,2447.0,1500000.0,9.0,244.7,151
1697,3,2.0,2164.0,800000.0,5.0,360.6666666666667,151
1698,2,1.0,740.0,553500.0,3.0,185.0,80
1699,3,2.5,2080.0,1200000.0,5.5,320.0,88
1700,2,1.0,1800.0,25000000.0,3.0,450.0,73
1701,2,2.0,1180.0,527000.0,4.0,236.0,78
1702,3,2.0,2020.0,1625000.0,5.0,336.6666666666667,151
1703,3,3.5,1150.0,625000.0,6.5,153.33333333333334,166
1704,3,2.0,1220.0,824900.0,5.0,203.33333333333334,83
1705,2,1.0,810.0,435000.0,3.0,202.5,41
1706,1,1.0,696.0,400000.0,2.0,232.0,70
1707,3,3.5,2030.0,1200000.0,6.5,270.6666666666667,109
1708,5,3.5,3930.0,1800000.0,8.5,413.6842105263158,61
1709,5,2.0,2920.0,1359000.0,7.0,365.0,151
1710,4,2.0,1460.0,787500.0,6.0,208.57142857142858,88
1711,4,1.5,2770.0,850000.0,5.5,426.15384615384613,70
1712,2,2.0,1523.0,1425000.0,4.0,304.6,59
1713,3,3.5,1690.0,965000.0,6.5,225.33333333333334,166
1714,3,1.0,1170.0,825000.0,4.0,234.0,61
1715,4,2.0,2370.0,1125000.0,6.0,338.57142857142856,78
1716,1,1.0,712.0,620000.0,2.0,237.33333333333334,59
1717,2,1.0,976.0,475000.0,3.0,244.0,78
1718,2,2.0,1042.0,610000.0,4.0,208.4,60
1719,2,2.0,1040.0,685000.0,4.0,208.0,60
1720,1,1.0,722.0,452100.0,2.0,240.66666666666666,57
1721,2,2.0,1367.0,1350000.0,4.0,273.4,59
1722,1,1.0,733.0,490000.0,2.0,244.33333333333334,60
1723,2,1.0,970.0,480000.0,3.0,242.5,88
1724,3,2.0,1711.0,675500.0,5.0,285.1666666666667,78
1725,2,1.0,860.0,675000.0,3.0,215.0,78
1726,1,1.0,712.0,385000.0,2.0,237.33333333333334,61
1727,1,1.0,704.0,569000.0,2.0,234.66666666666666,113
1728,3,2.5,1790.0,590000.0,5.5,275.38461538461536,78
1729,3,2.0,2140.0,918000.0,5.0,356.6666666666667,170
1730,4,3.0,2040.0,940000.0,7.0,255.0,166
1731,3,2.0,1894.0,697000.0,5.0,315.6666666666667,113
1732,4,2.5,2750.0,1680000.0,6.5,366.6666666666667,57
1733,4,3.5,2900.0,1600000.0,7.5,341.1764705882353,83
1734,2,1.0,670.0,490000.0,3.0,167.5,78
1735,4,2.5,2190.0,1075000.0,6.5,292.0,60
1736,4,1.5,1810.0,764000.0,5.5,278.46153846153845,61
1737,3,3.0,1440.0,1050000.0,6.0,205.71428571428572,113
1738,3,2.0,2170.0,560000.0,5.0,361.6666666666667,44
1739,2,2.0,993.0,709600.0,4.0,198.6,166
1740,3,3.5,1450.0,835000.0,6.5,193.33333333333334,170
1741,4,3.5,2336.0,975000.0,7.5,274.8235294117647,170
1742,4,3.0,2320.0,1472500.0,7.0,290.0,57
1743,3,2.0,1470.0,600000.0,5.0,245.0,78
1744,1,1.0,672.0,485000.0,2.0,224.0,83
1745,3,1.5,990.0,775000.0,4.5,180.0,109
1746,4,3.0,2110.0,1180000.0,7.0,263.75,170
1747,3,1.0,1670.0,731000.0,4.0,334.0,60
1748,3,2.0,2060.0,756110.0,5.0,343.3333333333333,80
1749,3,1.0,1920.0,456000.0,4.0,384.0,41
1750,3,2.5,2910.0,1975000.0,5.5,447.6923076923077,61
1751,2,1.5,912.0,819980.0,3.5,202.66666666666666,166
1752,1,1.0,645.0,305000.0,2.0,215.0,80
1753,2,2.5,1160.0,850000.0,4.5,210.9090909090909,166
1754,3,1.0,2280.0,1005000.0,4.0,456.0,88
1755,3,2.5,1515.0,905000.0,5.5,233.07692307692307,60
1756,3,2.5,2600.0,875000.0,5.5,400.0,41
1757,3,2.0,1000.0,710000.0,5.0,166.66666666666666,109
1758,2,1.0,672.0,373000.0,3.0,168.0,44
1759,2,2.0,1320.0,860000.0,4.0,264.0,70
1760,3,2.0,2190.0,840000.0,5.0,365.0,78
1761,1,2.0,1517.0,1350000.0,3.0,379.25,73
1762,4,2.0,2160.0,1400000.0,6.0,308.57142857142856,109
1763,4,1.0,2290.0,905000.0,5.0,381.6666666666667,166
1764,3,1.0,1920.0,725000.0,4.0,384.0,151
1765,3,3.0,1540.0,800000.0,6.0,220.0,170
1766,2,2.0,983.0,542500.0,4.0,196.6,60
1767,2,1.5,1670.0,1025000.0,3.5,371.1111111111111,151
1768,2,2.0,880.0,614500.0,4.0,176.0,166
1769,2,2.0,1526.0,825000.0,4.0,305.2,61
1770,1,1.0,569.0,435000.0,2.0,189.66666666666666,14
1771,4,3.0,2700.0,1100000.0,7.0,337.5,72
1772,2,2.5,2282.0,475000.0,4.5,414.90909090909093,44
1773,7,3.5,4530.0,2950000.0,10.5,393.9130434782609,166
1774,1,1.0,698.0,399999.0,2.0,232.66666666666666,59
1775,3,2.0,1590.0,880000.0,5.0,265.0,151
1776,2,1.0,770.0,460000.0,3.0,192.5,88
1777,3,2.0,2840.0,1400000.0,5.0,473.3333333333333,72
1778,6,3.0,2350.0,850000.0,9.0,235.0,100
1779,1,1.0,630.0,335000.0,2.0,210.0,14
1780,1,1.0,482.0,220000.0,2.0,160.66666666666666,61
1781,4,3.5,4350.0,2000000.0,7.5,511.7647058823529,60
1782,1,3.0,1730.0,750000.0,4.0,346.0,100
1783,1,1.0,761.0,400000.0,2.0,253.66666666666666,61
1784,3,2.0,1684.0,870000.0,5.0,280.6666666666667,151
1785,3,2.5,2040.0,1200000.0,5.5,313.84615384615387,60
1786,2,2.0,1057.0,599900.0,4.0,211.4,73
1787,3,2.0,2256.0,1370000.0,5.0,376.0,70
1788,4,2.0,1900.0,670000.0,6.0,271.42857142857144,100
1789,2,1.0,760.0,775000.0,3.0,190.0,170
1790,2,1.0,780.0,395000.0,3.0,195.0,41
1791,4,3.0,3020.0,1499000.0,7.0,377.5,78
1792,1,2.5,2220.0,1200000.0,3.5,493.3333333333333,166
1793,2,2.0,877.0,415000.0,4.0,175.4,170
1794,4,2.0,1530.0,645000.0,6.0,218.57142857142858,100
1795,2,1.0,850.0,580000.0,3.0,212.5,100
1796,3,2.5,1860.0,1050000.0,5.5,286.15384615384613,60
1797,2,2.0,980.0,849950.0,4.0,196.0,100
1798,3,2.0,1470.0,933500.0,5.0,245.0,83
1799,2,1.0,980.0,598000.0,3.0,245.0,113
1800,2,2.0,1003.0,875000.0,4.0,200.6,59
1801,3,1.0,996.0,560000.0,4.0,199.2,78
1802,1,1.0,980.0,485000.0,2.0,326.6666666666667,78
1803,4,1.5,2380.0,937000.0,5.5,366.15384615384613,151
1804,2,2.0,2470.0,1525000.0,4.0,494.0,60
1805,4,4.0,2120.0,900000.0,8.0,235.55555555555554,60
1806,2,2.5,840.0,720000.0,4.5,152.72727272727272,170
1807,4,5.0,1910.0,800000.0,9.0,191.0,27
1808,2,1.0,1380.0,640000.0,3.0,345.0,78
1809,4,5.0,2390.0,1500000.0,9.0,239.0,151
1810,4,3.0,2840.0,1399990.0,7.0,355.0,109
1811,2,1.0,875.0,355000.0,3.0,218.75,170
1812,3,2.5,1813.0,1275000.0,5.5,278.9230769230769,88
1813,3,3.5,2996.0,2050000.0,6.5,399.46666666666664,170
1814,5,3.5,5020.0,1550000.0,8.5,528.421052631579,80
1815,3,2.0,1498.0,935000.0,5.0,249.66666666666666,109
1816,2,1.0,711.0,485000.0,3.0,177.75,83
1817,4,3.0,2740.0,1220000.0,7.0,342.5,170
1818,3,2.0,1328.0,920000.0,5.0,221.33333333333334,166
1819,2,2.0,1332.0,845000.0,4.0,266.4,72
1820,3,2.0,2020.0,840000.0,5.0,336.6666666666667,151
1821,1,1.0,916.0,652500.0,2.0,305.3333333333333,59
1822,2,2.0,1546.0,669000.0,4.0,309.2,33
1823,4,3.0,2970.0,720000.0,7.0,371.25,100
1824,3,3.5,1615.0,796000.0,6.5,215.33333333333334,61
1825,2,2.0,1170.0,625000.0,4.0,234.0,113
1826,3,2.0,1350.0,722500.0,5.0,225.0,60
1827,2,2.0,1143.0,689900.0,4.0,228.6,83
1828,3,2.5,1220.0,900000.0,5.5,187.69230769230768,61
1829,4,1.5,2100.0,875000.0,5.5,323.0769230769231,72
1830,4,1.5,3200.0,1290000.0,5.5,492.3076923076923,151
1831,1,2.0,1137.0,930000.0,3.0,284.25,70
1832,3,2.0,2930.0,775000.0,5.0,488.3333333333333,41
1833,2,1.0,808.0,422500.0,3.0,202.0,170
1834,4,4.0,2550.0,1550000.0,8.0,283.3333333333333,151
1835,2,2.0,789.0,475000.0,4.0,157.8,83
1836,3,3.0,2546.0,1810000.0,6.0,363.7142857142857,61
1837,2,1.0,680.0,565000.0,3.0,170.0,41
1838,2,1.5,1000.0,640000.0,3.5,222.22222222222223,151
1839,3,2.0,1676.0,840000.0,5.0,279.3333333333333,170
1840,2,1.0,985.0,790000.0,3.0,246.25,59
1841,1,1.0,750.0,725000.0,2.0,250.0,88
1842,1,1.0,843.0,370000.0,2.0,281.0,78
1843,4,2.0,3220.0,2000000.0,6.0,460.0,27
1844,2,2.0,2340.0,1398000.0,4.0,468.0,73
1845,1,1.0,543.0,390000.0,2.0,181.0,61
1846,5,3.0,4040.0,1650000.0,8.0,448.8888888888889,73
1847,2,1.0,990.0,455000.0,3.0,247.5,33
1848,4,4.0,2850.0,1755000.0,8.0,316.6666666666667,73
1849,4,2.5,1620.0,849950.0,6.5,216.0,80
1850,1,1.0,514.0,345000.0,2.0,171.33333333333334,109
1851,2,1.0,1240.0,656500.0,3.0,310.0,88
1852,3,2.5,1620.0,935000.0,5.5,249.23076923076923,57
1853,3,3.0,1608.0,625000.0,6.0,229.71428571428572,80
1854,4,1.0,1530.0,740000.0,5.0,255.0,151
1855,4,2.0,2270.0,1335000.0,6.0,324.2857142857143,70
1856,1,1.0,908.0,475000.0,2.0,302.6666666666667,83
1857,2,1.0,1180.0,677000.0,3.0,295.0,109
1858,1,1.0,672.0,464000.0,2.0,224.0,83
1859,3,1.5,998.0,610000.0,4.5,181.45454545454547,151
1860,4,2.0,2220.0,740000.0,6.0,317.14285714285717,113
1861,1,1.0,700.0,405000.0,2.0,233.33333333333334,70
1862,7,6.0,7636.0,2225000.0,13.0,545.4285714285714,166
1863,4,5.5,3530.0,1550000.0,9.5,336.1904761904762,100
1864,3,2.0,1620.0,675000.0,5.0,270.0,151
1865,4,3.0,1620.0,950000.0,7.0,202.5,151
1866,2,2.0,1138.0,515000.0,4.0,227.6,80
1867,1,1.0,669.0,385000.0,2.0,223.0,59
1868,4,3.5,2600.0,1060000.0,7.5,305.88235294117646,33
1869,3,2.0,1960.0,900000.0,5.0,326.6666666666667,170
1870,2,2.0,950.0,395000.0,4.0,190.0,78
1871,2,2.0,1410.0,880000.0,4.0,282.0,57
1872,2,1.5,1022.0,729000.0,3.5,227.11111111111111,113
1873,4,2.0,2840.0,1175000.0,6.0,405.7142857142857,80
1874,1,1.0,712.0,500000.0,2.0,237.33333333333334,88
1875,5,2.0,1920.0,739000.0,7.0,240.0,100
1876,3,3.5,3880.0,2500000.0,6.5,517.3333333333334,72
1877,3,2.0,1010.0,650000.0,5.0,168.33333333333334,78
1878,6,4.0,3300.0,1237500.0,10.0,300.0,166
1879,3,1.0,1070.0,580000.0,4.0,214.0,44
1880,3,1.0,1270.0,1050000.0,4.0,254.0,151
1881,3,2.0,1413.0,1099970.0,5.0,235.5,166
1882,3,2.5,1820.0,1030000.0,5.5,280.0,170
1883,2,2.0,1415.0,469000.0,4.0,283.0,78
1884,3,3.0,2212.0,1470000.0,6.0,316.0,61
1885,3,3.5,3290.0,1400000.0,6.5,438.6666666666667,80
1886,2,2.0,1391.0,672500.0,4.0,278.2,170
1887,2,2.0,1372.0,649950.0,4.0,274.4,78
1888,2,1.5,960.0,515000.0,3.5,213.33333333333334,72
1889,3,2.5,1890.0,699000.0,5.5,290.7692307692308,113
1890,4,3.0,2230.0,1150000.0,7.0,278.75,170
1891,1,1.5,952.0,750000.0,2.5,272.0,23
1892,2,1.0,925.0,535000.0,3.0,231.25,166
1893,4,2.0,1820.0,760000.0,6.0,260.0,151
1894,8,4.5,3600.0,1500000.0,12.5,266.6666666666667,73
1895,2,2.5,1305.0,770000.0,4.5,237.27272727272728,88
1896,3,2.0,1840.0,959630.0,5.0,306.6666666666667,151
1897,1,1.0,782.0,519990.0,2.0,260.6666666666667,23
1898,2,2.5,1040.0,705000.0,4.5,189.0909090909091,151
1899,2,2.0,1050.0,480000.0,4.0,210.0,166
1900,2,2.0,1019.0,813000.0,4.0,203.8,70
1901,4,2.5,3198.0,1712000.0,6.5,426.4,166
1902,1,1.0,557.0,222000.0,2.0,185.66666666666666,73
1903,2,2.5,950.0,675000.0,4.5,172.72727272727272,83
1904,3,1.0,1050.0,835000.0,4.0,210.0,151
1905,1,1.0,533.0,300000.0,2.0,177.66666666666666,80
1906,3,1.0,860.0,425000.0,4.0,172.0,44
1907,4,3.0,1890.0,699000.0,7.0,236.25,113
1908,2,2.5,1138.0,515000.0,4.5,206.9090909090909,80
1909,4,2.0,1830.0,535000.0,6.0,261.42857142857144,41
1910,2,1.0,1980.0,699950.0,3.0,495.0,113
1911,3,5.5,1730.0,850000.0,8.5,182.10526315789474,73
1912,3,3.0,2462.0,915000.0,6.0,351.7142857142857,151
1913,3,3.5,1300.0,583000.0,6.5,173.33333333333334,78
1914,4,2.0,1550.0,1325000.0,6.0,221.42857142857142,166
1915,3,3.5,1679.0,689000.0,6.5,223.86666666666667,80
1916,3,1.0,1220.0,680000.0,4.0,244.0,88
1917,3,1.5,1540.0,535000.0,4.5,280.0,44
1918,3,2.0,1520.0,916500.0,5.0,253.33333333333334,88
1919,3,1.0,1320.0,529000.0,4.0,264.0,44
1920,2,1.0,1290.0,640000.0,3.0,322.5,166
1921,3,2.5,1870.0,890000.0,5.5,287.6923076923077,151
1922,3,3.5,1762.0,1000000.0,6.5,234.93333333333334,60
1923,3,1.0,1240.0,531000.0,4.0,248.0,100
1924,3,1.5,1307.0,650000.0,4.5,237.63636363636363,78
1925,2,2.0,1167.0,650000.0,4.0,233.4,83
1926,2,1.5,1070.0,849950.0,3.5,237.77777777777777,166
1927,2,1.0,1820.0,1037300.0,3.0,455.0,78
1928,3,2.0,1790.0,900000.0,5.0,298.3333333333333,170
1929,5,3.5,3700.0,2050000.0,8.5,389.4736842105263,70
1930,4,3.5,3340.0,2100000.0,7.5,392.94117647058823,113
1931,4,2.5,2250.0,924900.0,6.5,300.0,78
1932,3,2.0,1799.0,940000.0,5.0,299.8333333333333,166
1933,1,1.0,584.0,411000.0,2.0,194.66666666666666,72
1934,5,2.5,4639.0,3350000.0,7.5,545.7647058823529,57
1935,3,1.0,1810.0,512000.0,4.0,362.0,44
1936,1,1.0,907.0,585000.0,2.0,302.3333333333333,70
1937,3,2.0,2120.0,1345000.0,5.0,353.3333333333333,151
1938,1,1.0,616.0,399900.0,2.0,205.33333333333334,23
1939,6,6.0,1780.0,733500.0,12.0,136.92307692307693,44
1940,4,2.0,2630.0,1350000.0,6.0,375.7142857142857,170
1941,5,3.0,3060.0,950000.0,8.0,340.0,88
1942,3,2.0,2700.0,734000.0,5.0,450.0,44
1943,5,4.0,2030.0,670000.0,9.0,203.0,113
1944,3,2.5,1620.0,770000.0,5.5,249.23076923076923,109
1945,5,4.5,5704.0,4000000.0,9.5,543.2380952380952,70
1946,2,1.0,700.0,800000.0,3.0,175.0,151
1947,2,3.0,1260.0,770000.0,5.0,210.0,151
1948,4,2.0,1770.0,1425000.0,6.0,252.85714285714286,170
1949,4,2.5,1812.0,825000.0,6.5,241.6,60
1950,1,1.0,648.0,395000.0,2.0,216.0,59
1951,2,2.0,840.0,725000.0,4.0,168.0,113
1952,3,2.0,2100.0,845000.0,5.0,350.0,60
1953,5,3.0,2550.0,1450000.0,8.0,283.3333333333333,78
1954,1,1.0,774.0,265000.0,2.0,258.0,41
1955,2,2.5,1736.0,970000.0,4.5,315.6363636363636,109
1956,3,2.5,2198.0,1675000.0,5.5,338.15384615384613,113
1957,2,1.0,770.0,620000.0,3.0,192.5,78
1958,2,2.0,1150.0,725000.0,4.0,230.0,83
1959,3,2.0,2330.0,1098000.0,5.0,388.3333333333333,166
1960,5,4.5,4693.0,2650000.0,9.5,446.95238095238096,109
1961,3,3.0,1790.0,755000.0,6.0,255.71428571428572,78
1962,4,3.5,2960.0,1700000.0,7.5,348.2352941176471,166
1963,1,1.0,591.0,434000.0,2.0,197.0,70
1964,2,2.0,1391.0,860000.0,4.0,278.2,61
1965,3,2.0,1160.0,566000.0,5.0,193.33333333333334,44
1966,1,1.0,720.0,365000.0,2.0,240.0,80
1967,1,1.0,701.0,325000.0,2.0,233.66666666666666,170
1968,4,2.0,2570.0,1495000.0,6.0,367.14285714285717,166
1969,3,2.0,1611.0,915000.0,5.0,268.5,83
1970,4,2.5,2474.0,1725000.0,6.5,329.8666666666667,170
1971,3,2.0,1300.0,778000.0,5.0,216.66666666666666,113
1972,2,2.5,840.0,620000.0,4.5,152.72727272727272,113
1973,2,2.0,1100.0,749000.0,4.0,220.0,83
1974,3,2.5,2730.0,1199000.0,5.5,420.0,109
1975,2,2.0,1004.0,325000.0,4.0,200.8,78
1976,3,3.0,1650.0,950000.0,6.0,235.71428571428572,166
1977,3,3.0,1650.0,974999.0,6.0,235.71428571428572,166
1978,4,1.0,1850.0,600000.0,5.0,308.3333333333333,100
1979,5,3.5,4050.0,2895000.0,8.5,426.3157894736842,70
1980,1,1.0,865.0,712500.0,2.0,288.3333333333333,57
1981,2,2.0,1252.0,1349000.0,4.0,250.4,59
1982,3,3.0,1790.0,1325000.0,6.0,255.71428571428572,61
1983,5,3.0,2020.0,899000.0,8.0,224.44444444444446,70
1984,3,1.5,1280.0,750000.0,4.5,232.72727272727272,113
1985,4,2.0,1630.0,942000.0,6.0,232.85714285714286,88
1986,3,3.5,1460.0,740000.0,6.5,194.66666666666666,151
1987,3,2.0,1210.0,875000.0,5.0,201.66666666666666,166
1988,4,2.0,2080.0,1098000.0,6.0,297.14285714285717,88
1989,4,2.0,3542.0,1150000.0,6.0,506.0,113
1990,3,1.5,2200.0,860000.0,4.5,400.0,151
1991,1,1.0,603.0,400000.0,2.0,201.0,61
1992,2,2.0,1456.0,575000.0,4.0,291.2,72
1993,2,2.5,1169.0,615000.0,4.5,212.54545454545453,151
1994,2,1.0,1770.0,926000.0,3.0,442.5,166
1995,4,2.0,1641.0,538800.0,6.0,234.42857142857142,100
1996,1,1.0,600.0,310000.0,2.0,200.0,109
1997,2,1.5,860.0,734950.0,3.5,191.11111111111111,109
1998,4,3.5,4990.0,4815000.0,7.5,587.0588235294117,57
1999,3,2.0,1749.0,699950.0,5.0,291.5,78
2000,3,4.0,1580.0,825000.0,7.0,197.5,113
2001,3,2.5,2340.0,1900000.0,5.5,360.0,27
2002,6,3.0,2440.0,925000.0,9.0,244.0,113
2003,1,1.0,705.0,490000.0,2.0,235.0,166
2004,2,2.0,1227.0,715000.0,4.0,245.4,170
2005,5,4.0,2734.0,1300000.0,9.0,273.4,170
2006,2,2.0,839.0,385000.0,4.0,167.8,78
2007,3,1.0,1120.0,708000.0,4.0,224.0,44
2008,3,2.0,1482.0,919000.0,5.0,247.0,151
2009,3,3.5,1680.0,675000.0,6.5,224.0,80
2010,2,2.0,1400.0,699950.0,4.0,280.0,72
2011,3,2.0,1370.0,910000.0,5.0,228.33333333333334,57
2012,1,1.0,889.0,550000.0,2.0,296.3333333333333,59
2013,4,2.0,2140.0,1150000.0,6.0,305.7142857142857,72
2014,2,2.0,795.0,590000.0,4.0,159.0,166
2015,3,2.0,1710.0,659000.0,5.0,285.0,61
